구_행정동코드,구_시군구명,구_행정동명,신_행정동코드,신_시군구명,신_행정동명,관계,구기준_겹침비율,신기준_겹침비율
28110520,중구,연안동,28125520,제물포구,연안동,1:1,1.0000,1.0000
28110530,중구,신포동,28125510,제물포구,신포동,1:1,1.0000,1.0000
28110540,중구,신흥동,28125530,제물포구,신흥동,1:1,1.0000,1.0000
28110560,중구,도원동,28125540,제물포구,도원동,1:1,1.0000,1.0000
28110570,중구,율목동,28125550,제물포구,율목동,1:1,1.0000,1.0000
28110585,중구,동인천동,28125560,제물포구,동인천동,1:1,1.0000,1.0000
28110615,중구,개항동,28125570,제물포구,개항동,1:1,1.0000,1.0000
28110620,중구,영종동,28155510,영종구,영종동,1:1,1.0000,1.0000
28110622,중구,영종1동,28155520,영종구,영종1동,1:1,1.0000,1.0000
28110623,중구,영종2동,28155530,영종구,영종2동,1:1,1.0000,1.0000
28110628,중구,운서동,28155540,영종구,운서1동,분동,0.8753,1.0000
28110628,중구,운서동,28155550,영종구,운서2동,분동,0.1247,1.0000
28110630,중구,용유동,28155560,영종구,용유동,1:1,1.0000,1.0000
28140510,동구,만석동,28125580,제물포구,만석동,1:1,1.0000,1.0000
28140525,동구,화수1·화평동,28125590,제물포구,화수1·화평동,1:1,1.0000,1.0000
28140530,동구,화수2동,28125600,제물포구,화수2동,1:1,1.0000,1.0000
28140555,동구,송현1·2동,28125610,제물포구,송현1·2동,1:1,1.0000,1.0000
28140570,동구,송현3동,28125620,제물포구,송현3동,1:1,1.0000,1.0000
28140580,동구,송림1동,28125630,제물포구,송림1동,1:1,1.0000,1.0000
28140590,동구,송림2동,28125640,제물포구,송림2동,1:1,1.0000,1.0000
28140605,동구,송림3·5동,28125650,제물포구,송림3·5동,1:1,1.0000,1.0000
28140610,동구,송림4동,28125660,제물포구,송림4동,1:1,1.0000,1.0000
28140630,동구,송림6동,28125670,제물포구,송림6동,1:1,1.0000,1.0000
28140640,동구,금창동,28125680,제물포구,금창동,1:1,1.0000,1.0000
28177510,미추홀구,숭의2동,28177510,미추홀구,숭의2동,1:1,1.0000,1.0000
28177520,미추홀구,숭의1·3동,28177520,미추홀구,숭의1·3동,1:1,1.0000,1.0000
28177530,미추홀구,숭의4동,28177530,미추홀구,숭의4동,1:1,1.0000,1.0000
28177540,미추홀구,용현1·4동,28177540,미추홀구,용현1·4동,1:1,1.0000,1.0000
28177550,미추홀구,용현2동,28177550,미추홀구,용현2동,1:1,1.0000,1.0000
28177560,미추홀구,용현3동,28177560,미추홀구,용현3동,1:1,1.0000,1.0000
28177570,미추홀구,용현5동,28177570,미추홀구,용현5동,1:1,1.0000,1.0000
28177580,미추홀구,학익1동,28177580,미추홀구,학익1동,1:1,1.0000,1.0000
28177590,미추홀구,학익2동,28177590,미추홀구,학익2동,1:1,1.0000,1.0000
28177600,미추홀구,도화1동,28177600,미추홀구,도화1동,1:1,1.0000,1.0000
28177610,미추홀구,도화2·3동,28177610,미추홀구,도화2·3동,1:1,1.0000,1.0000
28177620,미추홀구,주안1동,28177620,미추홀구,주안1동,1:1,1.0000,1.0000
28177630,미추홀구,주안2동,28177630,미추홀구,주안2동,1:1,1.0000,1.0000
28177640,미추홀구,주안3동,28177640,미추홀구,주안3동,1:1,1.0000,1.0000
28177650,미추홀구,주안4동,28177650,미추홀구,주안4동,1:1,1.0000,1.0000
28177660,미추홀구,주안5동,28177660,미추홀구,주안5동,1:1,1.0000,1.0000
28177670,미추홀구,주안6동,28177670,미추홀구,주안6동,1:1,1.0000,1.0000
28177680,미추홀구,주안7동,28177680,미추홀구,주안7동,1:1,1.0000,1.0000
28177690,미추홀구,주안8동,28177690,미추홀구,주안8동,1:1,1.0000,1.0000
28177700,미추홀구,관교동,28177700,미추홀구,관교동,1:1,1.0000,1.0000
28177710,미추홀구,문학동,28177710,미추홀구,문학동,1:1,1.0000,1.0000
28185630,연수구,옥련1동,28185630,연수구,옥련1동,1:1,1.0000,1.0000
28185640,연수구,옥련2동,28185640,연수구,옥련2동,1:1,1.0000,1.0000
28185750,연수구,선학동,28185750,연수구,선학동,1:1,1.0000,1.0000
28185761,연수구,연수1동,28185761,연수구,연수1동,1:1,1.0000,1.0000
28185762,연수구,연수2동,28185762,연수구,연수2동,1:1,1.0000,1.0000
28185763,연수구,연수3동,28185763,연수구,연수3동,1:1,1.0000,1.0000
28185766,연수구,청학동,28185766,연수구,청학동,1:1,1.0000,1.0000
28185780,연수구,동춘1동,28185780,연수구,동춘1동,1:1,1.0000,1.0000
28185790,연수구,동춘2동,28185790,연수구,동춘2동,1:1,1.0000,1.0000
28185795,연수구,동춘3동,28185795,연수구,동춘3동,1:1,1.0000,1.0000
28185820,연수구,송도1동,28185820,연수구,송도1동,1:1,1.0000,1.0000
28185830,연수구,송도2동,28185830,연수구,송도2동,1:1,1.0000,1.0000
28185840,연수구,송도3동,28185840,연수구,송도3동,1:1,1.0000,1.0000
28185850,연수구,송도4동,28185850,연수구,송도4동,1:1,1.0000,1.0000
28185860,연수구,송도5동,28185860,연수구,송도5동,1:1,1.0000,1.0000
28200510,남동구,구월1동,28200510,남동구,구월1동,1:1,1.0000,1.0000
28200520,남동구,구월2동,28200520,남동구,구월2동,1:1,1.0000,1.0000
28200521,남동구,구월3동,28200521,남동구,구월3동,1:1,1.0000,1.0000
28200522,남동구,구월4동,28200522,남동구,구월4동,1:1,1.0000,1.0000
28200530,남동구,간석1동,28200530,남동구,간석1동,1:1,1.0000,1.0000
28200540,남동구,간석2동,28200540,남동구,간석2동,1:1,1.0000,1.0000
28200550,남동구,간석3동,28200550,남동구,간석3동,1:1,1.0000,1.0000
28200551,남동구,간석4동,28200551,남동구,간석4동,1:1,1.0000,1.0000
28200560,남동구,만수1동,28200560,남동구,만수1동,1:1,1.0000,1.0000
28200570,남동구,만수2동,28200570,남동구,만수2동,1:1,1.0000,1.0000
28200580,남동구,만수3동,28200580,남동구,만수3동,1:1,1.0000,1.0000
28200581,남동구,만수4동,28200581,남동구,만수4동,1:1,1.0000,1.0000
28200582,남동구,만수5동,28200582,남동구,만수5동,1:1,1.0000,1.0000
28200583,남동구,만수6동,28200583,남동구,만수6동,1:1,1.0000,1.0000
28200650,남동구,장수서창동,28200650,남동구,장수서창동,1:1,1.0000,1.0000
28200655,남동구,서창2동,28200655,남동구,서창2동,1:1,1.0000,1.0000
28200660,남동구,남촌도림동,28200660,남동구,남촌도림동,1:1,1.0000,1.0000
28200690,남동구,논현1동,28200690,남동구,논현1동,1:1,1.0000,1.0000
28200700,남동구,논현2동,28200700,남동구,논현2동,1:1,1.0000,1.0000
28200710,남동구,논현고잔동,28200710,남동구,논현고잔동,1:1,1.0000,1.0000
28237510,부평구,부평1동,28237510,부평구,부평1동,1:1,1.0000,1.0000
28237520,부평구,부평2동,28237520,부평구,부평2동,1:1,1.0000,1.0000
28237530,부평구,부평3동,28237530,부평구,부평3동,1:1,1.0000,1.0000
28237540,부평구,부평4동,28237540,부평구,부평4동,1:1,1.0000,1.0000
28237550,부평구,부평5동,28237550,부평구,부평5동,1:1,1.0000,1.0000
28237560,부평구,부평6동,28237560,부평구,부평6동,1:1,1.0000,1.0000
28237570,부평구,산곡1동,28237570,부평구,산곡1동,1:1,1.0000,1.0000
28237580,부평구,산곡2동,28237580,부평구,산곡2동,1:1,1.0000,1.0000
28237581,부평구,산곡3동,28237581,부평구,산곡3동,1:1,1.0000,1.0000
28237582,부평구,산곡4동,28237582,부평구,산곡4동,1:1,1.0000,1.0000
28237591,부평구,청천1동,28237591,부평구,청천1동,1:1,1.0000,1.0000
28237592,부평구,청천2동,28237592,부평구,청천2동,1:1,1.0000,1.0000
28237641,부평구,갈산1동,28237641,부평구,갈산1동,1:1,1.0000,1.0000
28237642,부평구,갈산2동,28237642,부평구,갈산2동,1:1,1.0000,1.0000
28237646,부평구,삼산1동,28237646,부평구,삼산1동,1:1,1.0000,1.0000
28237648,부평구,삼산2동,28237648,부평구,삼산2동,1:1,1.0000,1.0000
28237650,부평구,부개1동,28237650,부평구,부개1동,1:1,1.0000,1.0000
28237660,부평구,부개2동,28237660,부평구,부개2동,1:1,1.0000,1.0000
28237661,부평구,부개3동,28237661,부평구,부개3동,1:1,1.0000,1.0000
28237670,부평구,일신동,28237670,부평구,일신동,1:1,1.0000,1.0000
28237680,부평구,십정1동,28237680,부평구,십정1동,1:1,1.0000,1.0000
28237690,부평구,십정2동,28237690,부평구,십정2동,1:1,1.0000,1.0000
28245601,계양구,효성1동,28245601,계양구,효성1동,1:1,1.0000,1.0000
28245602,계양구,효성2동,28245602,계양구,효성2동,1:1,1.0000,1.0000
28245611,계양구,계산1동,28245611,계양구,계산1동,1:1,1.0000,1.0000
28245612,계양구,계산2동,28245612,계양구,계산2동,1:1,1.0000,1.0000
28245613,계양구,계산3동,28245613,계양구,계산3동,1:1,1.0000,1.0000
28245614,계양구,계산4동,28245614,계양구,계산4동,1:1,1.0000,1.0000
28245621,계양구,작전1동,28245621,계양구,작전1동,1:1,1.0000,1.0000
28245622,계양구,작전2동,28245622,계양구,작전2동,1:1,1.0000,1.0000
28245640,계양구,작전서운동,28245640,계양구,작전서운동,1:1,1.0000,1.0000
28245710,계양구,계양1동,28245710,계양구,계양1동,1:1,1.0000,1.0000
28245720,계양구,계양2동,28245720,계양구,계양2동,1:1,1.0000,1.0000
28245730,계양구,계양3동,28245730,계양구,계양3동,1:1,1.0000,1.0000
28260515,서구,검암경서동,28275515,서해구,검암경서동,1:1,1.0000,1.0000
28260530,서구,연희동,28275530,서해구,연희동,1:1,1.0000,1.0000
28260536,서구,청라1동,28275536,서해구,청라1동,1:1,1.0000,1.0000
28260537,서구,청라2동,28275537,서해구,청라2동,1:1,1.0000,1.0000
28260539,서구,청라3동,28275539,서해구,청라3동,1:1,1.0000,1.0000
28260542,서구,가정1동,28275542,서해구,가정1동,1:1,1.0000,1.0000
28260543,서구,가정2동,28275543,서해구,가정2동,1:1,1.0000,1.0000
28260544,서구,가정3동,28275544,서해구,가정3동,1:1,1.0000,1.0000
28260550,서구,석남1동,28275550,서해구,석남1동,1:1,1.0000,1.0000
28260560,서구,석남2동,28275560,서해구,석남2동,1:1,1.0000,1.0000
28260561,서구,석남3동,28275561,서해구,석남3동,1:1,1.0000,1.0000
28260575,서구,신현원창동,28275575,서해구,신현원창동,1:1,1.0000,1.0000
28260580,서구,가좌1동,28275580,서해구,가좌1동,1:1,1.0000,1.0000
28260590,서구,가좌2동,28275590,서해구,가좌2동,1:1,1.0000,1.0000
28260600,서구,가좌3동,28275600,서해구,가좌3동,1:1,1.0000,1.0000
28260610,서구,가좌4동,28275610,서해구,가좌4동,1:1,1.0000,1.0000
28260680,서구,검단동,28290510,검단구,검단동,1:1,1.0000,1.0000
28260690,서구,불로대곡동,28290520,검단구,불로대곡동,1:1,1.0000,1.0000
28260700,서구,원당동,28290530,검단구,원당동,1:1,1.0000,1.0000
28260710,서구,당하동,28290540,검단구,당하동,1:1,1.0000,1.0000
28260720,서구,오류왕길동,28290550,검단구,오류왕길동,1:1,1.0000,1.0000
28260730,서구,마전동,28290560,검단구,마전동,1:1,1.0000,1.0000
28260740,서구,아라동,28290570,검단구,아라1동,분동,0.6037,1.0000
28260740,서구,아라동,28290580,검단구,아라2동,분동,0.3963,1.0000
28710250,강화군,강화읍,28710250,강화군,강화읍,1:1,1.0000,1.0000
28710310,강화군,선원면,28710310,강화군,선원면,1:1,1.0000,1.0000
28710320,강화군,불은면,28710320,강화군,불은면,1:1,1.0000,1.0000
28710330,강화군,길상면,28710330,강화군,길상면,1:1,1.0000,1.0000
28710340,강화군,화도면,28710340,강화군,화도면,1:1,1.0000,1.0000
28710350,강화군,양도면,28710350,강화군,양도면,1:1,1.0000,1.0000
28710360,강화군,내가면,28710360,강화군,내가면,1:1,1.0000,1.0000
28710370,강화군,하점면,28710370,강화군,하점면,1:1,1.0000,1.0000
28710380,강화군,양사면,28710380,강화군,양사면,1:1,1.0000,1.0000
28710390,강화군,송해면,28710390,강화군,송해면,1:1,1.0000,1.0000
28710400,강화군,교동면,28710400,강화군,교동면,1:1,1.0000,1.0000
28710410,강화군,삼산면,28710410,강화군,삼산면,1:1,1.0000,1.0000
28710420,강화군,서도면,28710420,강화군,서도면,1:1,1.0000,1.0000
28720310,옹진군,북도면,28720310,옹진군,북도면,1:1,1.0000,1.0000
28720330,옹진군,백령면,28720330,옹진군,백령면,1:1,1.0000,1.0000
28720340,옹진군,대청면,28720340,옹진군,대청면,1:1,1.0000,1.0000
28720350,옹진군,덕적면,28720350,옹진군,덕적면,1:1,1.0000,1.0000
28720360,옹진군,영흥면,28720360,옹진군,영흥면,1:1,1.0000,1.0000
28720370,옹진군,자월면,28720370,옹진군,자월면,1:1,1.0000,1.0000
28720380,옹진군,연평면,28720380,옹진군,연평면,1:1,1.0000,1.0000
