행정동코드,행정동명,시군구명,전체점포수,편의점,슈퍼마켓,미용실,피부 관리실,네일숍,세탁소,약국,카페,빵/도넛,김밥/만두/분식,토스트/샌드위치/샐러드,아이스크림/빙수,버거,치킨,피자,PC방,독서실/스터디 카페,입시·교과학원,요가/필라테스 학원,당구장,노래방,전자 게임장,백반/한정식,생맥주 전문,일반 유흥 주점,요리 주점,중국집,일식 회/초밥,양식,총인구,남자,여자,타겟_편의점,타겟비중_편의점,타겟_슈퍼마켓,타겟비중_슈퍼마켓,타겟_미용실,타겟비중_미용실,타겟_피부 관리실,타겟비중_피부 관리실,타겟_네일숍,타겟비중_네일숍,타겟_세탁소,타겟비중_세탁소,타겟_약국,타겟비중_약국,타겟_카페,타겟비중_카페,타겟_빵/도넛,타겟비중_빵/도넛,타겟_김밥/만두/분식,타겟비중_김밥/만두/분식,타겟_토스트/샌드위치/샐러드,타겟비중_토스트/샌드위치/샐러드,타겟_아이스크림/빙수,타겟비중_아이스크림/빙수,타겟_버거,타겟비중_버거,타겟_치킨,타겟비중_치킨,타겟_피자,타겟비중_피자,타겟_PC방,타겟비중_PC방,타겟_독서실/스터디 카페,타겟비중_독서실/스터디 카페,타겟_입시·교과학원,타겟비중_입시·교과학원,타겟_요가/필라테스 학원,타겟비중_요가/필라테스 학원,타겟_당구장,타겟비중_당구장,타겟_노래방,타겟비중_노래방,타겟_전자 게임장,타겟비중_전자 게임장,타겟_백반/한정식,타겟비중_백반/한정식,타겟_생맥주 전문,타겟비중_생맥주 전문,타겟_일반 유흥 주점,타겟비중_일반 유흥 주점,타겟_요리 주점,타겟비중_요리 주점,타겟_중국집,타겟비중_중국집,타겟_일식 회/초밥,타겟비중_일식 회/초밥,타겟_양식,타겟비중_양식,연령_유소년,연령_청년초,연령_청년후,연령_중년,연령_장년,연령_노년,종사자수,사업체수,1인가구,총가구수,1인가구비중
28125510,신포동,제물포구,1084,10,17,27,4,10,1,6,66,21,22,1,3,1,11,4,1,0,7,2,5,8,1,91,14,35,48,17,16,13,4405,2240,2165,2665,0.605,2448,0.5558,2041,0.4632,1414,0.321,901,0.2046,2336,0.5303,3800,0.8626,1287,0.2921,1902,0.4318,1135,0.2577,981,0.2227,799,0.1813,915,0.2077,1315,0.2985,1104,0.2506,520,0.1181,736,0.1671,329,0.0747,1216,0.2761,983,0.2231,1482,0.3364,449,0.102,2336,0.5303,1567,0.3557,1845,0.4189,1167,0.2649,2498,0.5671,1766,0.4009,1126,0.2555,244,329,442,711,1183,1496,10272.0,1913.0,861.0,2073.0,0.4153
28125520,연안동,제물포구,615,11,25,14,1,0,2,4,19,1,12,1,0,1,5,1,0,0,3,0,3,8,0,77,1,4,11,4,5,0,4904,2644,2260,2891,0.5895,2877,0.5867,2059,0.4198,1268,0.2586,863,0.176,2606,0.5314,4513,0.9203,1290,0.2631,1936,0.3948,1066,0.2173,1011,0.2061,718,0.1464,842,0.1717,1344,0.2741,1136,0.2317,494,0.1008,706,0.144,238,0.0485,1156,0.2358,1075,0.2191,1456,0.2969,376,0.0767,2606,0.5314,1575,0.3212,2006,0.409,1196,0.2438,2779,0.5667,1855,0.3783,1122,0.2287,215,285,440,731,1435,1798,12140.0,2374.0,976.0,2391.0,0.4082
28125530,신흥동,제물포구,675,17,28,17,2,1,5,11,21,3,8,0,0,0,11,2,0,1,7,1,4,3,0,65,0,9,11,4,0,4,14099,7136,6963,9522,0.6754,8378,0.5942,7585,0.538,5615,0.3983,4139,0.2935,8316,0.5898,10971,0.7781,5384,0.3819,7019,0.4978,4739,0.3361,4354,0.3088,3251,0.2306,3715,0.2635,5465,0.3876,4797,0.3402,2010,0.1426,3135,0.2224,1162,0.0824,5183,0.3676,3743,0.2655,6044,0.4287,1621,0.1149,8316,0.5898,6035,0.428,6369,0.4517,4876,0.3458,8943,0.6343,6177,0.4381,4763,0.3378,1103,1206,2038,2800,3478,3474,14597.0,2584.0,2046.0,6125.0,0.334
28125540,도원동,제물포구,148,5,4,16,0,2,3,1,6,0,3,0,0,0,3,1,0,0,4,0,0,0,0,3,0,0,3,1,0,1,3344,1723,1621,1851,0.5535,1873,0.5601,1344,0.4019,875,0.2615,562,0.1682,1648,0.4928,3140,0.9389,827,0.2472,1260,0.3769,697,0.2086,634,0.1897,475,0.1419,569,0.1702,856,0.256,696,0.2081,339,0.1014,492,0.1471,158,0.0472,754,0.2254,683,0.2044,942,0.2817,258,0.0772,1648,0.4928,1021,0.3054,1248,0.3732,750,0.2244,1765,0.5278,1172,0.3505,716,0.2141,99,203,302,437,909,1394,1016.0,344.0,830.0,1834.0,0.4526
28125550,율목동,제물포구,110,3,4,6,0,1,1,2,4,1,1,0,0,1,3,2,1,0,0,0,0,0,0,5,0,0,3,1,0,2,3027,1583,1444,1855,0.6128,1748,0.5773,1362,0.4501,962,0.3178,647,0.2137,1712,0.5656,2667,0.8811,942,0.3112,1323,0.4372,762,0.2518,737,0.2435,458,0.1513,611,0.2019,976,0.3224,802,0.2651,341,0.1126,540,0.1784,136,0.0449,857,0.2831,724,0.2391,1051,0.3472,191,0.0632,1712,0.5656,1133,0.3743,1288,0.4254,924,0.3052,1780,0.588,1198,0.3958,876,0.2895,116,143,412,496,804,1056,949.0,215.0,877.0,1606.0,0.5461
28125560,동인천동,제물포구,995,15,29,30,7,10,3,8,53,13,20,2,1,0,13,5,4,1,2,2,9,12,5,37,7,7,41,10,5,9,5161,2733,2428,2986,0.5786,2890,0.56,2166,0.4196,1435,0.278,996,0.193,2716,0.5263,4685,0.9077,1418,0.2747,2048,0.3969,1132,0.2193,1124,0.2177,743,0.144,887,0.1719,1467,0.2842,1241,0.2405,509,0.0985,758,0.1469,240,0.0465,1294,0.2507,1130,0.219,1578,0.3058,362,0.0701,2716,0.5263,1725,0.3343,2077,0.4024,1333,0.2582,2875,0.5571,1925,0.373,1259,0.2439,201,270,504,804,1408,1974,3777.0,1423.0,1277.0,2556.0,0.4996
28125570,개항동,제물포구,562,16,38,11,1,0,3,0,66,13,16,0,0,0,2,2,1,0,3,0,3,4,12,36,1,4,14,31,1,9,6402,3286,3116,3858,0.6026,3695,0.5772,2927,0.4572,2006,0.3134,1434,0.224,3462,0.5408,5641,0.8811,1954,0.3052,2721,0.425,1641,0.2564,1574,0.2459,1093,0.1707,1310,0.2046,2004,0.313,1708,0.2668,734,0.1147,1149,0.1795,309,0.0483,1829,0.2857,1463,0.2285,2155,0.3366,499,0.0779,3462,0.5408,2278,0.3559,2592,0.4049,1785,0.2788,3707,0.579,2436,0.3805,1707,0.2667,230,396,779,980,1703,2314,4049.0,902.0,1527.0,3401.0,0.449
28125580,만석동,제물포구,160,6,6,9,0,0,5,2,11,0,1,0,0,0,0,0,0,0,3,0,1,1,0,16,1,0,6,4,0,1,6011,3094,2917,3767,0.6267,3553,0.5911,2845,0.4734,1991,0.3312,1255,0.2088,3273,0.5445,5238,0.8714,1826,0.3038,2652,0.4411,1557,0.2591,1346,0.2239,1181,0.1965,1248,0.2076,1864,0.3101,1529,0.2544,690,0.1147,963,0.1602,529,0.088,1731,0.288,1358,0.2259,2136,0.3553,695,0.1157,3273,0.5445,2191,0.3645,2567,0.4271,1661,0.2764,3495,0.5814,2464,0.4099,1604,0.2668,369,494,535,1107,1631,1875,3212.0,623.0,1046.0,2847.0,0.3674
28125590,화수1.화평동,제물포구,274,4,10,26,1,1,4,6,10,4,9,0,0,0,9,2,1,1,3,0,2,6,0,12,2,0,6,2,0,1,5092,2591,2501,2961,0.5815,2829,0.5556,2192,0.4305,1483,0.2912,970,0.1904,2582,0.5071,4568,0.8971,1360,0.2672,2024,0.3976,1219,0.2394,1038,0.2038,921,0.1808,998,0.196,1387,0.2724,1159,0.2276,565,0.1109,823,0.1616,360,0.0707,1294,0.2541,1011,0.1985,1575,0.3093,514,0.1009,2582,0.5071,1604,0.3151,1881,0.3694,1208,0.2372,2773,0.5446,1816,0.3566,1172,0.2302,230,379,476,720,1386,1901,1251.0,448.0,863.0,2431.0,0.355
28125600,화수2동,제물포구,142,2,9,9,0,1,3,2,2,0,2,0,0,0,3,0,0,1,4,0,0,1,0,15,2,0,2,3,0,2,6501,3158,3343,3731,0.5739,3590,0.5523,2799,0.4306,1960,0.3015,1247,0.1918,3260,0.5015,5824,0.8958,1799,0.2767,2594,0.3991,1580,0.2431,1353,0.2081,1124,0.1729,1275,0.1962,1841,0.2832,1506,0.2316,719,0.1106,1033,0.1589,448,0.0689,1693,0.2605,1384,0.2129,2075,0.3192,619,0.0952,3260,0.5015,2186,0.3363,2474,0.3806,1624,0.2499,3497,0.5379,2373,0.365,1563,0.2405,283,471,610,994,1656,2487,3898.0,303.0,1378.0,3354.0,0.4109
28125610,송현1.2동,제물포구,476,9,20,39,8,3,10,5,13,6,9,0,0,1,8,5,3,2,15,6,4,12,0,25,4,3,8,4,0,0,9298,4543,4755,6014,0.6468,5504,0.5919,4805,0.5168,3515,0.378,2404,0.2586,5202,0.5595,7678,0.8257,3246,0.3491,4391,0.4723,2766,0.2974,2492,0.268,2041,0.2196,2180,0.2344,3280,0.3528,2779,0.2989,1174,0.1262,1780,0.1914,797,0.0857,3160,0.3398,2262,0.2433,3659,0.3935,1109,0.1193,5202,0.5595,3700,0.3979,3988,0.4289,2864,0.3081,5635,0.606,3925,0.4221,2812,0.3025,679,812,1039,1808,2355,2605,1485.0,788.0,1193.0,4096.0,0.2913
28125620,송현3동,제물포구,242,4,7,5,0,0,1,0,3,0,2,0,0,0,1,0,0,0,0,0,2,0,0,10,0,0,0,0,0,0,2540,1320,1220,1420,0.5591,1436,0.5655,1050,0.4132,666,0.2624,426,0.1678,1298,0.511,2398,0.9439,623,0.2454,1010,0.3976,516,0.2033,484,0.1904,329,0.1295,409,0.1609,647,0.2547,533,0.2098,229,0.0901,350,0.1378,114,0.0449,564,0.2219,526,0.2072,707,0.2783,164,0.0645,1298,0.511,803,0.3162,1007,0.3966,596,0.2345,1360,0.5354,947,0.3728,564,0.2219,82,122,238,347,713,1038,7142.0,1602.0,716.0,1479.0,0.4841
28125630,송림1동,제물포구,61,2,1,4,0,1,0,0,3,1,1,0,0,0,2,0,0,0,1,0,0,0,0,0,2,0,0,1,0,0,6631,3240,3391,4688,0.707,4138,0.624,4052,0.611,3292,0.4964,2584,0.3897,4190,0.6319,4567,0.6887,3078,0.4641,3795,0.5723,2650,0.3996,2568,0.3873,1518,0.2289,1919,0.2894,3075,0.4637,2768,0.4175,952,0.1436,1683,0.2538,540,0.0814,3084,0.4651,1870,0.282,3324,0.5013,716,0.1079,4190,0.6319,3281,0.4948,3330,0.5022,2826,0.4261,4439,0.6694,3315,0.4999,2826,0.4262,724,498,1224,1602,1364,1219,840.0,238.0,813.0,2845.0,0.2858
28125640,송림2동,제물포구,226,4,5,20,1,1,3,7,11,1,4,0,0,1,3,0,0,1,1,1,1,6,0,14,6,0,16,2,0,0,1139,574,565,558,0.4899,580,0.509,377,0.3313,240,0.2111,143,0.1255,493,0.4328,1084,0.9514,220,0.1928,363,0.3188,211,0.1855,164,0.144,150,0.1319,175,0.1538,228,0.2002,187,0.1642,102,0.0895,134,0.1176,74,0.065,199,0.1744,197,0.1727,269,0.2362,92,0.0806,493,0.4328,296,0.2601,368,0.3229,208,0.1823,517,0.4539,345,0.3029,197,0.1728,40,65,77,127,289,541,1718.0,286.0,352.0,672.0,0.5238
28125650,송림3.5동,제물포구,247,5,7,13,3,1,2,5,11,0,6,0,0,0,7,4,0,0,2,0,1,2,0,20,0,0,9,4,1,0,5018,2485,2533,3226,0.6429,2928,0.5834,2537,0.5055,1810,0.3607,1111,0.2214,2761,0.5502,4244,0.8457,1585,0.3159,2328,0.4639,1411,0.2811,1189,0.2369,1120,0.2232,1165,0.2322,1609,0.3206,1360,0.271,669,0.1332,907,0.1807,488,0.0972,1526,0.304,1156,0.2304,1846,0.3679,659,0.1314,2761,0.5502,1891,0.3768,2119,0.4224,1391,0.2772,2989,0.5957,2095,0.4175,1361,0.2713,366,465,489,892,1380,1426,4151.0,394.0,683.0,2298.0,0.2972
28125660,송림4동,제물포구,395,8,7,6,0,0,2,2,6,1,5,0,1,0,1,1,0,0,3,0,0,0,0,19,0,0,1,2,0,0,5869,3007,2862,4129,0.7035,3698,0.6301,3380,0.5758,2623,0.447,1900,0.3237,3637,0.6197,4400,0.7498,2477,0.4221,3159,0.5383,2064,0.3516,1956,0.3333,1359,0.2315,1470,0.2504,2502,0.4263,2187,0.3726,747,0.1273,1188,0.2024,563,0.0959,2415,0.4115,1649,0.281,2754,0.4692,726,0.1237,3637,0.6197,2764,0.4709,2967,0.5056,2274,0.3874,3877,0.6606,2896,0.4934,2238,0.3814,663,492,747,1515,1375,1077,7544.0,3486.0,569.0,2407.0,0.2364
28125670,송림6동,제물포구,389,6,9,16,1,2,1,6,13,7,12,0,1,1,2,1,1,0,5,0,1,3,0,28,1,0,10,6,1,1,7694,3874,3820,5069,0.6588,4616,0.6,4130,0.5367,3143,0.4084,2112,0.2745,4443,0.5775,6055,0.787,2904,0.3774,3863,0.5021,2473,0.3215,2225,0.2892,1699,0.2208,1856,0.2413,2947,0.383,2542,0.3303,982,0.1277,1419,0.1844,771,0.1002,2795,0.3633,2016,0.262,3279,0.4262,988,0.1284,4443,0.5775,3352,0.4357,3657,0.4753,2674,0.3475,4737,0.6157,3574,0.4645,2612,0.3394,780,626,876,1777,1790,1845,4117.0,878.0,618.0,2265.0,0.2728
28125680,금창동,제물포구,247,4,4,9,0,0,3,1,13,0,3,0,0,0,1,2,0,1,3,0,1,0,0,10,1,0,3,2,0,2,2082,1041,1041,1077,0.5173,1099,0.5277,779,0.3744,510,0.2449,326,0.1565,956,0.4592,1948,0.9357,483,0.2321,730,0.3507,401,0.1928,381,0.1831,290,0.1394,327,0.1569,504,0.2421,424,0.2039,203,0.0974,289,0.1388,90,0.0432,431,0.2071,416,0.1998,558,0.268,149,0.0715,956,0.4592,617,0.2963,723,0.3473,446,0.2143,1023,0.4914,677,0.3252,419,0.2012,64,121,176,261,519,941,1490.0,416.0,422.0,1025.0,0.4117
28155510,영종동,영종구,1123,35,28,28,7,6,5,3,56,12,13,1,2,1,17,3,0,1,15,9,6,7,0,130,8,1,4,10,4,4,31155,16804,14351,22731,0.7296,19830,0.6365,18283,0.5868,13823,0.4437,10077,0.3235,20367,0.6537,22716,0.7291,13471,0.4324,17346,0.5568,11447,0.3674,10939,0.3511,7199,0.2311,8350,0.268,13787,0.4425,12281,0.3942,4554,0.1462,6896,0.2213,2753,0.0884,12682,0.4071,9538,0.3062,14974,0.4806,3612,0.1159,20367,0.6537,15409,0.4946,16617,0.5334,12758,0.4095,21544,0.6915,15912,0.5107,12314,0.3952,3373,2364,4789,7821,7757,5051,5275.0,2205.0,4332.0,10233.0,0.4233
28155520,영종1동,영종구,773,19,13,36,19,11,1,6,30,9,14,3,1,2,13,6,0,7,50,11,2,2,3,53,4,0,8,5,3,2,35805,17789,18016,25375,0.7087,21791,0.6086,21881,0.6111,18577,0.5188,13566,0.3789,22251,0.6214,23520,0.6569,17303,0.4833,20689,0.5778,14819,0.4139,13481,0.3765,10973,0.3065,10638,0.2971,17301,0.4832,15975,0.4462,4974,0.1389,7374,0.2059,5712,0.1595,17309,0.4834,10558,0.2949,19212,0.5366,6229,0.174,22251,0.6214,18787,0.5247,19117,0.5339,16089,0.4494,23464,0.6553,18970,0.5298,16085,0.4492,6847,3124,4763,11325,6163,3583,3950.0,1899.0,3513.0,12976.0,0.2707
28155530,영종2동,영종구,1357,24,9,34,21,12,2,9,60,19,24,4,3,4,18,7,4,6,64,8,6,7,4,122,2,5,10,11,11,8,27545,13804,13741,19677,0.7144,16530,0.6001,16866,0.6123,14264,0.5179,10453,0.3795,16964,0.6159,17724,0.6435,13247,0.4809,15858,0.5757,11578,0.4203,10350,0.3758,8704,0.316,8250,0.2995,13227,0.4802,12236,0.4442,3946,0.1433,5808,0.2109,4490,0.163,13296,0.4827,8114,0.2946,14941,0.5424,4930,0.179,16964,0.6159,14428,0.5238,14637,0.5314,12225,0.4438,17963,0.6521,14549,0.5282,12234,0.4441,5446,2713,3511,8717,4736,2422,4747.0,1998.0,2573.0,9764.0,0.2635
28155540,운서1동,영종구,1201,49,28,31,11,8,8,16,53,28,19,3,7,6,18,11,3,8,38,13,8,7,0,130,5,17,18,19,8,9,17525,9065,8460,13623,0.7773,10118,0.5773,11209,0.6396,8251,0.4708,5889,0.336,11255,0.6422,11896,0.6788,7777,0.4438,10058,0.5739,7526,0.4295,6121,0.3493,5880,0.3355,6289,0.3589,7828,0.4467,6832,0.3898,3462,0.1975,5194,0.2964,2206,0.1259,7650,0.4365,5398,0.308,8980,0.5124,3106,0.1772,11255,0.6422,8605,0.491,8714,0.4972,6636,0.3786,12471,0.7116,8523,0.4863,6565,0.3746,1563,2368,3041,3571,4643,2339,23919.0,1795.0,5089.0,8835.0,0.576
28155550,운서2동,영종구,980,40,13,41,16,10,7,2,54,15,16,4,0,6,18,18,2,2,5,7,3,5,4,114,5,0,15,16,10,8,23300,12431,10869,19714,0.8461,12747,0.5471,17520,0.7519,13717,0.5887,12952,0.5559,17380,0.7459,10847,0.4655,15095,0.6479,15885,0.6818,14280,0.6129,13709,0.5884,8912,0.3825,11496,0.4934,15346,0.6586,14402,0.6181,6171,0.2648,10860,0.4661,1318,0.0566,14468,0.621,9859,0.4231,16004,0.6869,2578,0.1106,17380,0.7459,15317,0.6574,12455,0.5345,13833,0.5937,19056,0.8179,11682,0.5014,13344,0.5727,1660,2334,8641,5029,3710,1926,31800.0,2386.0,6765.0,11747.0,0.5759
28155560,용유동,영종구,828,31,58,2,1,0,2,1,68,7,9,0,0,0,7,3,1,1,0,0,3,5,2,109,0,1,5,5,7,4,3329,1866,1463,1697,0.5098,1939,0.5825,1067,0.3205,590,0.1774,316,0.0948,1603,0.4815,3431,1.0308,574,0.1723,1049,0.315,417,0.1253,412,0.1236,250,0.0751,318,0.0956,613,0.1841,464,0.1395,198,0.0595,273,0.082,79,0.0237,475,0.1427,572,0.1717,650,0.1953,126,0.0378,1603,0.4815,817,0.2455,1180,0.3545,574,0.1724,1660,0.4986,1059,0.3181,520,0.1562,60,94,187,369,1047,1572,4817.0,1068.0,742.0,1722.0,0.4309
28177510,숭의2동,미추홀구,553,19,14,31,1,5,8,8,30,2,11,0,0,2,4,6,2,1,8,1,2,5,2,46,2,5,20,9,5,2,13417,6739,6678,8875,0.6615,8084,0.6025,7053,0.5256,5305,0.3954,3739,0.2787,7894,0.5884,10701,0.7976,4935,0.3678,6620,0.4934,4242,0.3162,3931,0.293,2897,0.2159,3300,0.2459,5011,0.3735,4395,0.3276,1777,0.1325,2706,0.2017,1121,0.0836,4746,0.3537,3440,0.2564,5506,0.4104,1472,0.1097,7894,0.5884,5676,0.4231,6093,0.4541,4561,0.34,8380,0.6246,5915,0.4409,4452,0.3318,1143,981,1834,2691,3369,3399,7335.0,1780.0,1979.0,5894.0,0.3358
28177520,숭의1.3동,미추홀구,599,16,18,34,6,6,4,5,29,5,10,0,0,2,7,2,2,0,6,1,5,6,0,37,4,11,12,4,2,0,17506,8674,8832,12309,0.7031,10950,0.6255,10331,0.5902,8063,0.4606,6188,0.3535,11053,0.6314,12816,0.7321,7547,0.4311,9641,0.5507,6415,0.3664,6227,0.3557,4031,0.2303,4769,0.2724,7581,0.4331,6806,0.3888,2381,0.136,4032,0.2303,1405,0.0803,7461,0.4262,4838,0.2764,8136,0.4648,1897,0.1083,11053,0.6314,8254,0.4715,8562,0.4891,6899,0.3941,11754,0.6714,8438,0.482,6841,0.3908,1772,1256,2885,3995,4173,3425,7488.0,3263.0,2315.0,6814.0,0.3397
28177530,숭의4동,미추홀구,439,13,13,24,5,5,4,6,20,8,11,0,1,0,13,5,0,2,15,0,2,2,0,20,4,1,10,2,1,0,17288,8659,8629,11476,0.6638,10510,0.6079,9310,0.5385,7010,0.4055,5098,0.2949,10104,0.5845,13454,0.7782,6598,0.3816,8653,0.5005,5666,0.3277,5306,0.3069,3839,0.2221,4183,0.242,6671,0.3859,5975,0.3456,2214,0.1281,3378,0.1954,1546,0.0894,6414,0.371,4422,0.2558,7325,0.4237,2073,0.1199,10104,0.5845,7336,0.4244,7966,0.4608,5984,0.3461,10822,0.626,7844,0.4537,5892,0.3408,1685,1372,2130,3823,4151,4127,2163.0,909.0,2374.0,6561.0,0.3618
28177540,용현1.4동,미추홀구,1337,34,33,69,8,12,18,8,76,12,31,5,1,2,29,12,7,19,12,1,5,25,5,116,13,1,56,17,10,19,17171,9533,7638,12049,0.7017,7577,0.4413,9150,0.5329,4541,0.2645,5280,0.3075,8194,0.4772,11341,0.6605,7412,0.4316,6455,0.3759,7686,0.4476,6597,0.3842,6545,0.3811,6970,0.4059,7813,0.455,7224,0.4207,4683,0.2727,6407,0.3731,1151,0.067,6408,0.3732,5812,0.3385,8572,0.4992,4032,0.2348,8194,0.4772,5934,0.3456,5528,0.322,4858,0.2829,11290,0.6575,5210,0.3034,4435,0.2583,669,3855,2614,2103,3477,4453,7407.0,1708.0,6951.0,11046.0,0.6293
28177550,용현2동,미추홀구,503,14,13,44,9,7,4,10,24,12,7,1,2,0,13,3,6,3,11,5,1,8,1,35,2,18,11,7,4,3,22548,11214,11334,15133,0.6711,13447,0.5964,12808,0.568,10250,0.4546,7966,0.3533,13460,0.5969,16081,0.7132,9734,0.4317,11990,0.5318,8326,0.3692,8148,0.3614,5538,0.2456,5830,0.2586,9821,0.4356,9194,0.4077,2981,0.1322,4782,0.2121,2077,0.0921,9515,0.422,6207,0.2753,10619,0.471,2695,0.1195,13460,0.5969,10564,0.4685,10839,0.4807,8984,0.3984,14335,0.6358,10705,0.4748,8870,0.3934,3029,1673,3256,5690,4514,4386,3858.0,1454.0,3346.0,9833.0,0.3403
28177560,용현3동,미추홀구,492,9,16,21,2,4,2,11,19,5,10,0,0,1,11,2,3,0,0,1,2,7,2,29,2,5,17,4,0,2,6519,3469,3050,4033,0.6187,3661,0.5616,3052,0.4682,2044,0.3135,1540,0.2362,3621,0.5555,5512,0.8455,2136,0.3276,2847,0.4367,1839,0.2821,1774,0.2721,1170,0.1795,1469,0.2253,2221,0.3407,1934,0.2966,864,0.1325,1320,0.2025,276,0.0423,1922,0.2948,1676,0.2571,2356,0.3614,515,0.079,3621,0.5555,2467,0.3784,2748,0.4216,1983,0.3042,3898,0.5979,2543,0.3901,1865,0.2861,258,412,934,1010,1677,2228,2055.0,850.0,1963.0,3790.0,0.5179
28177570,용현5동,미추홀구,1796,40,27,100,27,30,16,21,65,27,41,4,0,3,41,15,8,12,86,15,13,68,10,104,20,13,66,20,16,9,44022,21882,22140,31076,0.7059,26209,0.5954,25131,0.5709,18462,0.4194,13424,0.3049,26141,0.5938,32789,0.7448,17487,0.3972,22583,0.513,16033,0.3642,13701,0.3112,12585,0.2859,12921,0.2935,17560,0.3989,15571,0.3537,6898,0.1567,10154,0.2307,5219,0.1186,17305,0.3931,11626,0.2641,19904,0.4521,7094,0.1611,26141,0.5938,18968,0.4309,19954,0.4533,15008,0.3409,28732,0.6527,19786,0.4495,14892,0.3383,4495,4935,5712,9257,11172,8451,8706.0,3064.0,5947.0,18572.0,0.3202
28177580,학익1동,미추홀구,1167,29,24,75,32,30,10,9,33,14,20,0,2,5,22,5,2,5,37,17,5,10,0,60,9,0,21,14,5,5,41456,20591,20865,29467,0.7108,25037,0.6039,24314,0.5865,18403,0.4439,13514,0.326,24829,0.5989,29722,0.717,17216,0.4153,22030,0.5314,15645,0.3774,13712,0.3308,11785,0.2843,11978,0.2889,17279,0.4168,15585,0.3759,6331,0.1527,9520,0.2296,4976,0.12,17058,0.4115,11135,0.2686,19582,0.4724,6647,0.1603,24829,0.5989,18554,0.4476,19539,0.4713,14965,0.361,27164,0.6552,19568,0.472,14903,0.3595,5138,4638,5327,9617,9885,6851,9181.0,2369.0,3262.0,13148.0,0.2481
28177590,학익2동,미추홀구,907,12,16,25,6,6,5,7,33,9,15,1,1,3,9,4,2,3,6,4,3,13,0,47,3,0,8,5,2,3,17534,8457,9077,11633,0.6635,10656,0.6078,9266,0.5284,6696,0.3819,4659,0.2657,10098,0.5759,14140,0.8064,6134,0.3498,8500,0.4848,5506,0.314,4887,0.2787,3858,0.22,4361,0.2487,6200,0.3536,5400,0.3079,2376,0.1355,3623,0.2066,1480,0.0844,5969,0.3404,4195,0.2393,6942,0.3959,2059,0.1174,10098,0.5759,6922,0.3948,7536,0.4298,5437,0.3101,10891,0.6211,7471,0.4261,5346,0.3049,1181,1535,2218,3189,4691,4720,7243.0,1615.0,2335.0,7323.0,0.3189
28177600,도화1동,미추홀구,690,20,18,35,3,4,7,9,24,3,14,0,0,1,13,4,3,0,10,2,4,10,0,39,3,7,22,6,4,1,20271,10107,10164,13739,0.6778,12405,0.6119,11077,0.5465,8280,0.4084,6030,0.2975,12230,0.6033,15800,0.7794,7862,0.3878,10376,0.5119,6716,0.3313,6325,0.312,4428,0.2184,5132,0.2532,7970,0.3932,7006,0.3456,2729,0.1346,4270,0.2106,1663,0.082,7591,0.3745,5328,0.2628,8725,0.4304,2159,0.1065,12230,0.6033,8845,0.4363,9462,0.4668,7274,0.3588,12984,0.6405,9243,0.456,7101,0.3503,1667,1509,2936,4280,5014,4865,4867.0,1614.0,3337.0,9310.0,0.3584
28177610,도화2.3동,미추홀구,1182,26,35,68,7,16,13,10,40,13,23,2,1,4,23,11,3,6,24,11,9,10,2,86,6,0,32,15,8,3,28759,14544,14215,19655,0.6834,17684,0.6149,16106,0.56,12593,0.4379,9333,0.3245,17339,0.6029,21463,0.7463,12084,0.4202,15032,0.5227,10092,0.3509,9661,0.3359,7116,0.2474,7414,0.2578,12218,0.4248,11026,0.3834,3810,0.1325,5773,0.2007,3058,0.1063,11750,0.4086,7955,0.2766,13378,0.4652,3819,0.1328,17339,0.6029,13315,0.463,13957,0.4853,11128,0.3869,18495,0.6431,13648,0.4746,10930,0.3801,3550,2316,3718,7344,6277,5554,17004.0,3292.0,4098.0,13010.0,0.315
28177620,주안1동,미추홀구,2114,47,40,48,35,57,9,18,54,8,37,1,2,5,27,9,11,8,14,7,14,38,13,95,15,70,95,27,13,7,19903,10648,9255,15455,0.7765,12764,0.6413,12942,0.6503,9793,0.492,7961,0.4,13988,0.7028,13639,0.6853,10154,0.5102,12081,0.607,8450,0.4246,8574,0.4308,4845,0.2434,6407,0.3219,10392,0.5221,9192,0.4619,3461,0.1739,5789,0.2909,1150,0.0578,9559,0.4803,7062,0.3548,10875,0.5464,1900,0.0955,13988,0.7028,11140,0.5597,11179,0.5617,9538,0.4792,14972,0.7522,10534,0.5293,9148,0.4596,1239,1467,4415,4993,4580,3209,11931.0,2973.0,5476.0,10483.0,0.5224
28177630,주안2동,미추홀구,587,16,25,43,5,6,12,5,18,8,10,2,0,0,15,4,0,0,7,3,2,11,0,46,5,6,11,4,3,1,23286,11614,11672,15555,0.668,14516,0.6234,12739,0.5471,9906,0.4254,7418,0.3186,13984,0.6005,17780,0.7636,9374,0.4026,12013,0.5159,7844,0.3369,7700,0.3307,4678,0.2009,5488,0.2357,9483,0.4072,8499,0.365,2887,0.124,4609,0.1979,1793,0.077,9102,0.3909,6162,0.2646,10252,0.4403,2345,0.1007,13984,0.6005,10403,0.4468,11132,0.478,8731,0.3749,14786,0.635,10930,0.4694,8581,0.3685,2349,1571,3186,5495,5303,5382,3701.0,1407.0,3507.0,9924.0,0.3534
28177640,주안3동,미추홀구,369,9,13,30,0,2,2,4,9,5,7,0,0,0,6,8,0,0,7,0,3,8,0,23,5,0,7,6,2,1,12045,6011,6034,8012,0.6652,7343,0.6097,6572,0.5457,5105,0.4238,3740,0.3105,7116,0.5908,9320,0.7738,4758,0.3951,6182,0.5133,4011,0.333,3882,0.3223,2495,0.2071,2920,0.2424,4810,0.3993,4272,0.3546,1551,0.1288,2449,0.2033,967,0.0803,4629,0.3843,3186,0.2645,5275,0.4379,1276,0.106,7116,0.5908,5359,0.4449,5692,0.4725,4402,0.3655,7547,0.6266,5590,0.4641,4333,0.3598,1112,896,1630,2749,2737,2921,2470.0,716.0,2237.0,5754.0,0.3888
28177650,주안4동,미추홀구,934,12,24,70,20,8,8,10,38,10,20,2,2,4,6,8,0,0,10,8,1,11,4,81,8,4,25,8,9,3,19648,9680,9968,12781,0.6505,11977,0.6096,10490,0.5339,8108,0.4126,5986,0.3047,11401,0.5803,15362,0.7819,7663,0.39,9817,0.4996,6320,0.3216,6195,0.3153,3983,0.2027,4535,0.2308,7737,0.3938,6857,0.349,2356,0.1199,3785,0.1926,1508,0.0768,7479,0.3806,5022,0.2556,8406,0.4278,2006,0.1021,11401,0.5803,8484,0.4318,9038,0.46,7063,0.3595,12112,0.6164,8891,0.4525,6952,0.3538,1951,1380,2550,4476,4375,4916,6829.0,1704.0,2959.0,8775.0,0.3372
28177660,주안5동,미추홀구,864,27,25,44,10,9,9,11,40,12,20,1,2,0,21,2,4,3,6,3,11,22,0,54,7,0,23,10,2,5,18917,9458,9459,12948,0.6845,11778,0.6226,10404,0.55,7735,0.4089,5815,0.3074,11571,0.6117,14752,0.7798,7517,0.3974,9736,0.5147,6334,0.3348,6198,0.3277,3845,0.2033,4793,0.2534,7652,0.4045,6709,0.3547,2591,0.137,4217,0.2229,1214,0.0642,7180,0.3796,5214,0.2756,8270,0.4372,1778,0.094,11571,0.6117,8421,0.4452,8923,0.4717,6957,0.3678,12330,0.6518,8644,0.4569,6765,0.3576,1247,1377,2962,3931,4678,4722,10552.0,2185.0,3740.0,9285.0,0.4028
28177670,주안6동,미추홀구,1445,26,21,44,12,18,5,13,51,13,15,2,2,2,15,6,3,1,33,3,7,16,1,82,5,61,43,9,9,5,20887,10352,10535,14301,0.6847,12672,0.6067,11705,0.5604,8958,0.4289,6474,0.31,12500,0.5985,15881,0.7603,8396,0.402,10848,0.5194,7290,0.349,6656,0.3187,5174,0.2477,5600,0.2681,8470,0.4055,7486,0.3584,2905,0.1391,4479,0.2144,2147,0.1028,8210,0.393,5588,0.2676,9389,0.4495,2733,0.1308,12500,0.5985,9383,0.4492,9843,0.4712,7631,0.3654,13382,0.6407,9647,0.4619,7501,0.3591,1964,1801,2865,4723,4912,4622,8045.0,2205.0,3046.0,8877.0,0.3431
28177680,주안7동,미추홀구,847,10,21,66,4,8,6,11,26,7,20,3,2,1,15,7,0,1,12,3,8,26,2,70,8,3,39,7,2,1,12020,5803,6217,7543,0.6275,7281,0.6058,5917,0.4923,4291,0.357,2882,0.2398,6708,0.5581,10258,0.8534,3841,0.3195,5523,0.4595,3282,0.2731,3052,0.2539,2254,0.1875,2602,0.2165,3897,0.3242,3378,0.2811,1426,0.1186,2178,0.1812,832,0.0692,3700,0.3078,2727,0.2268,4305,0.3582,1154,0.096,6708,0.5581,4518,0.3759,5015,0.4172,3496,0.2908,7135,0.5936,4928,0.41,3418,0.2844,766,835,1425,2045,3238,3711,3023.0,1241.0,2072.0,5546.0,0.3736
28177690,주안8동,미추홀구,662,18,18,54,9,9,6,11,26,8,13,0,0,1,13,2,2,1,15,3,4,12,0,23,5,0,10,3,3,2,18365,8953,9412,12216,0.6652,11394,0.6204,9557,0.5204,6706,0.3651,4631,0.2522,10641,0.5794,15195,0.8274,6180,0.3365,8796,0.479,5532,0.3012,4875,0.2655,4015,0.2186,4432,0.2413,6260,0.3409,5430,0.2957,2423,0.1319,3618,0.197,1571,0.0855,5981,0.3257,4310,0.2347,7042,0.3834,2134,0.1162,10641,0.5794,7055,0.3841,7849,0.4274,5506,0.2998,11434,0.6226,7769,0.423,5388,0.2934,1177,1575,2212,3255,5174,4972,5076.0,1343.0,2686.0,8173.0,0.3286
28177700,관교동,미추홀구,692,10,15,33,6,5,6,4,21,19,11,1,0,1,5,3,0,1,28,0,0,2,0,21,1,0,1,5,10,1,13744,6773,6971,8981,0.6534,8379,0.6097,7087,0.5156,5166,0.3759,3559,0.2589,7811,0.5683,11213,0.8158,4749,0.3455,6524,0.4747,4247,0.309,3717,0.2704,3021,0.2198,3368,0.2451,4787,0.3483,4161,0.3028,1796,0.1307,2652,0.193,1249,0.0909,4655,0.3387,3217,0.234,5367,0.3905,1687,0.1228,7811,0.5683,5328,0.3877,5792,0.4214,4212,0.3065,8401,0.6112,5766,0.4195,4167,0.3032,987,1170,1627,2570,3614,3776,5053.0,1400.0,1754.0,5785.0,0.3032
28177710,문학동,미추홀구,554,21,24,40,6,6,10,3,27,4,15,1,0,3,9,2,4,0,9,2,5,10,1,34,5,1,13,7,3,0,13817,7673,6144,10408,0.7533,8769,0.6347,8113,0.5871,5730,0.4147,3738,0.2706,9199,0.6658,11011,0.7969,5529,0.4002,7634,0.5525,4550,0.3293,4216,0.3052,3068,0.222,3558,0.2575,5715,0.4136,4698,0.34,1999,0.1446,2958,0.2141,1132,0.0819,5065,0.3666,4363,0.3158,6291,0.4553,1607,0.1163,9199,0.6658,6731,0.4872,7686,0.5562,5172,0.3743,9832,0.7116,7152,0.5176,4903,0.3548,881,1209,1859,3223,4117,2528,3274.0,1028.0,3265.0,6882.0,0.4744
28185630,옥련1동,연수구,966,28,13,47,11,6,7,4,36,4,11,2,0,0,16,7,2,4,13,5,8,20,0,85,9,24,31,9,3,12,17146,8404,8742,11621,0.6778,10513,0.6131,9095,0.5305,6467,0.3772,4436,0.2587,10053,0.5863,13681,0.7979,5894,0.3438,8332,0.486,5478,0.3195,4642,0.2707,4071,0.2374,4426,0.2581,5960,0.3476,5260,0.3068,2403,0.1402,3492,0.2037,1694,0.0988,5729,0.3341,4062,0.2369,6739,0.393,2261,0.1319,10053,0.5863,6690,0.3902,7377,0.4303,5201,0.3034,10842,0.6323,7349,0.4286,5110,0.2981,1390,1568,2087,3084,4882,4135,6846.0,2404.0,2184.0,7227.0,0.3022
28185640,옥련2동,연수구,548,12,21,37,12,5,5,9,21,4,14,1,2,1,5,6,1,5,26,7,1,3,0,21,3,0,8,7,3,3,19543,9593,9950,13571,0.6944,12137,0.621,10694,0.5472,7863,0.4023,5532,0.2831,11637,0.5955,15025,0.7688,7182,0.3675,9816,0.5023,6658,0.3407,5714,0.2924,4963,0.2539,5247,0.2685,7228,0.3699,6484,0.3318,2823,0.1444,4185,0.2141,2151,0.1101,7067,0.3616,4786,0.2449,8259,0.4226,2765,0.1415,11637,0.5955,8000,0.4094,8640,0.4421,6342,0.3245,12540,0.6417,8662,0.4432,6291,0.3219,1926,1934,2451,3874,5312,4046,3170.0,1246.0,1813.0,7526.0,0.2409
28185750,선학동,연수구,655,20,28,45,5,8,8,5,26,4,12,0,1,0,14,3,2,1,8,6,9,34,1,50,6,1,15,6,3,1,17404,9016,8388,11606,0.6669,10870,0.6246,8908,0.5118,6260,0.3597,4607,0.2647,10273,0.5903,14106,0.8105,6243,0.3587,8248,0.4739,5330,0.3062,5092,0.2926,3573,0.2053,4017,0.2308,6409,0.3682,5686,0.3267,2293,0.1318,3363,0.1932,1200,0.0689,5829,0.3349,4523,0.2599,6959,0.3999,1832,0.1053,10273,0.5903,7025,0.4036,7721,0.4436,5699,0.3274,11056,0.6353,7461,0.4287,5480,0.3149,1276,1333,2147,3479,4647,4522,3851.0,1243.0,3073.0,8113.0,0.3788
28185761,연수1동,연수구,1105,32,35,67,17,17,11,6,28,24,19,1,1,2,22,11,6,7,22,5,10,34,0,55,10,3,17,11,4,34,15975,8761,7214,11519,0.7211,9862,0.6174,8634,0.5405,5598,0.3504,4083,0.2556,9975,0.6244,12719,0.7962,5864,0.3671,7874,0.4929,5274,0.3301,4751,0.2974,3566,0.2232,4296,0.2689,6091,0.3813,5238,0.3279,2574,0.1611,3749,0.2347,1076,0.0674,5296,0.3315,4614,0.2888,6697,0.4192,1870,0.117,9975,0.6244,6689,0.4187,7591,0.4752,5256,0.329,10913,0.6831,7136,0.4467,4948,0.3097,779,1544,2305,2848,4822,3677,4371.0,1825.0,3663.0,8197.0,0.4469
28185762,연수2동,연수구,1363,23,18,56,19,19,10,10,41,12,24,3,1,5,20,14,6,6,18,6,14,56,4,124,35,31,63,18,13,6,19014,9369,9645,13333,0.7012,11984,0.6303,10752,0.5655,8024,0.422,6069,0.3192,11741,0.6175,14128,0.743,7639,0.4017,9898,0.5206,6984,0.3673,6372,0.3351,4511,0.2373,5389,0.2834,7728,0.4064,6994,0.3678,2952,0.1553,4549,0.2392,1541,0.081,7416,0.39,5063,0.2663,8440,0.4439,2213,0.1164,11741,0.6175,8366,0.44,8572,0.4508,6894,0.3626,12621,0.6638,8522,0.4482,6757,0.3554,1424,1592,3099,3749,4893,4257,10326.0,1980.0,3856.0,9154.0,0.4212
28185763,연수3동,연수구,157,11,8,17,2,2,5,4,8,2,4,0,0,0,3,1,2,1,4,2,0,1,0,5,0,0,3,1,0,0,14194,6737,7457,9401,0.6623,8898,0.6269,7429,0.5234,5459,0.3846,4064,0.2863,8275,0.583,11315,0.7972,5018,0.3535,6796,0.4788,4570,0.3219,4174,0.2941,2980,0.21,3529,0.2486,5043,0.3553,4530,0.3192,1899,0.1338,2999,0.2113,1035,0.0729,4956,0.3491,3262,0.2298,5554,0.3913,1492,0.1051,8275,0.583,5515,0.3886,5820,0.41,4444,0.3131,8890,0.6263,5847,0.4119,4395,0.3097,832,1126,1980,2448,3847,3961,2694.0,476.0,2646.0,6740.0,0.3926
28185766,청학동,연수구,1085,31,28,61,9,9,12,9,38,9,17,1,4,1,14,9,5,1,8,10,10,34,2,64,3,12,38,11,4,7,21590,11251,10339,14604,0.6764,13645,0.632,10898,0.5048,7292,0.3377,5083,0.2354,13001,0.6022,17973,0.8325,7119,0.3297,10170,0.4711,6336,0.2935,5763,0.2669,4171,0.1932,4966,0.23,7347,0.3403,6420,0.2974,2854,0.1322,4195,0.1943,1494,0.0692,6548,0.3033,5410,0.2506,8090,0.3747,2153,0.0997,13001,0.6022,8389,0.3886,9676,0.4482,6600,0.3057,13861,0.642,9258,0.4288,6262,0.29,1151,1603,2726,3761,6514,5835,6848.0,1986.0,4595.0,10804.0,0.4253
28185780,동춘1동,연수구,671,11,19,17,6,9,3,1,47,6,4,0,1,0,11,3,0,1,17,4,2,17,0,87,14,19,32,4,9,13,25243,12315,12928,17878,0.7082,16178,0.6409,14532,0.5757,11183,0.443,8046,0.3188,15423,0.611,18697,0.7407,10024,0.3971,13374,0.5298,8974,0.3555,7994,0.3167,6798,0.2693,6738,0.2669,10005,0.3963,9158,0.3628,3455,0.1369,5195,0.2058,3053,0.1209,10072,0.399,6243,0.2473,11329,0.4488,3769,0.1493,15423,0.611,10943,0.4335,11666,0.4622,8861,0.351,16554,0.6558,11864,0.47,8901,0.3526,3261,2455,3017,5857,6549,4104,4524.0,1461.0,1450.0,9213.0,0.1574
28185790,동춘2동,연수구,721,8,6,36,24,11,5,12,18,10,20,1,1,1,12,4,5,17,88,10,8,16,2,21,4,4,5,5,9,0,16306,7884,8422,11623,0.7128,10461,0.6415,9354,0.5736,6905,0.4234,5061,0.3104,10008,0.6138,12174,0.7466,6326,0.388,8517,0.5223,5938,0.3642,5210,0.3195,4107,0.2519,4595,0.2818,6356,0.3898,5784,0.3547,2469,0.1514,3754,0.2302,1631,0.1,6251,0.3834,4111,0.2521,7138,0.4378,2234,0.137,10008,0.6138,6907,0.4236,7316,0.4487,5534,0.3394,10841,0.6648,7398,0.4537,5500,0.3373,1440,1615,2301,3222,4485,3243,4520.0,1221.0,1423.0,6558.0,0.217
28185795,동춘3동,연수구,482,5,6,18,6,5,5,3,25,11,12,0,1,3,4,3,0,0,25,2,0,0,1,23,0,0,4,5,3,8,17263,8371,8892,12257,0.71,10287,0.5959,9637,0.5582,7193,0.4166,4752,0.2753,9883,0.5725,12790,0.7409,6213,0.3599,8611,0.4988,6363,0.3686,4668,0.2704,5561,0.3221,5292,0.3066,6161,0.3569,5504,0.3189,2826,0.1637,3850,0.223,2783,0.1612,6344,0.3675,3927,0.2275,7533,0.4364,3435,0.199,9883,0.5725,6790,0.3933,7282,0.4218,5127,0.297,10885,0.6305,7492,0.434,5224,0.3026,1987,2374,1785,3374,4724,3019,4042.0,917.0,430.0,5554.0,0.0774
28185820,송도1동,연수구,2787,47,34,87,68,41,17,18,94,33,38,6,3,7,29,18,10,22,129,58,8,17,6,133,13,3,31,24,36,18,36089,17640,18449,26920,0.7459,20896,0.579,22103,0.6124,16242,0.4501,12553,0.3478,21367,0.5921,24187,0.6702,15520,0.43,19091,0.529,15484,0.429,12349,0.3422,13080,0.3624,12867,0.3565,15402,0.4268,14024,0.3886,6847,0.1897,10128,0.2806,5425,0.1503,15814,0.4382,9559,0.2649,18056,0.5003,7484,0.2074,21367,0.5921,15675,0.4343,15645,0.4335,12453,0.3451,24266,0.6724,15979,0.4428,12604,0.3492,4283,5553,5116,7387,8864,4886,38776.0,4291.0,3387.0,13111.0,0.2583
28185830,송도2동,연수구,2603,40,19,66,41,25,13,17,116,51,39,5,6,11,27,33,0,32,259,40,2,3,2,142,13,2,23,18,33,34,37506,18314,19192,26918,0.7177,22138,0.5903,22153,0.5907,18166,0.4843,11586,0.3089,21891,0.5837,25829,0.6887,15530,0.4141,20316,0.5417,14851,0.396,10959,0.2922,14208,0.3788,11996,0.3199,15294,0.4078,13986,0.3729,5835,0.1556,7329,0.1954,8421,0.2245,16120,0.4298,9261,0.2469,18572,0.4952,9206,0.2455,21891,0.5837,17084,0.4555,18092,0.4824,13423,0.3579,23640,0.6303,18508,0.4935,13789,0.3677,7448,5027,3042,10503,8346,3140,15502.0,4377.0,1471.0,11783.0,0.1248
28185840,송도3동,연수구,2382,30,36,40,11,12,13,15,125,32,38,5,4,10,22,14,4,9,45,26,4,2,2,121,10,0,13,26,22,20,49964,24401,25563,37181,0.7442,30227,0.605,31934,0.6391,26731,0.535,19969,0.3997,31567,0.6318,31479,0.63,24333,0.487,29434,0.5891,22196,0.4442,19392,0.3881,16917,0.3386,16849,0.3372,24135,0.483,22320,0.4467,8292,0.166,12651,0.2532,7860,0.1573,24827,0.4969,14422,0.2886,27326,0.5469,9305,0.1862,31567,0.6318,25746,0.5153,25252,0.5054,21605,0.4324,33990,0.6803,25550,0.5114,21925,0.4388,8548,5614,7753,13959,9855,4235,38050.0,6009.0,4489.0,17783.0,0.2524
28185850,송도4동,연수구,867,28,18,45,17,16,5,8,71,23,12,3,3,4,17,6,0,2,37,14,0,0,0,48,4,0,6,8,13,16,56283,27693,28590,40730,0.7237,34900,0.6201,35307,0.6273,29590,0.5257,21331,0.379,35226,0.6259,37624,0.6685,26546,0.4717,32888,0.5843,22382,0.3977,20584,0.3657,18286,0.3249,16123,0.2865,26344,0.4681,24642,0.4378,7515,0.1335,10915,0.1939,9281,0.1649,27052,0.4806,15682,0.2786,29513,0.5244,10484,0.1863,35226,0.6259,28608,0.5083,29575,0.5255,23902,0.4247,37561,0.6674,29979,0.5326,24224,0.4304,11614,5504,6205,17804,11217,3939,12622.0,3365.0,2856.0,14725.0,0.194
28185860,송도5동,연수구,493,14,10,22,3,4,2,7,21,9,18,2,3,2,14,4,1,2,20,7,0,0,1,17,6,0,6,2,1,4,46849,23241,23608,33758,0.7206,29862,0.6374,29285,0.6251,24809,0.5296,18184,0.3881,29896,0.6381,30858,0.6587,22622,0.4829,27684,0.5909,19012,0.4058,17977,0.3837,13686,0.2921,13434,0.2867,22576,0.4819,21119,0.4508,6409,0.1368,9468,0.2021,6953,0.1484,22738,0.4854,13446,0.287,24854,0.5305,7765,0.1657,29896,0.6381,24419,0.5212,25044,0.5346,20959,0.4474,31480,0.6719,25301,0.5401,21059,0.4495,9287,3862,6182,14810,8904,3804,4603.0,1968.0,3003.0,16751.0,0.1793
28200510,구월1동,남동구,1804,27,29,98,27,20,17,22,75,16,33,4,2,6,28,18,5,15,74,17,8,26,5,73,9,12,32,18,17,13,30042,14584,15458,21012,0.6994,18823,0.6265,17198,0.5725,13343,0.4441,9782,0.3256,18270,0.6081,22342,0.7437,12287,0.409,15930,0.5303,10927,0.3637,9672,0.322,7927,0.2639,8557,0.2848,12261,0.4081,10912,0.3632,4327,0.144,6639,0.221,3526,0.1174,12351,0.4111,7714,0.2568,13776,0.4586,4272,0.1422,18270,0.6081,13381,0.4454,13893,0.4624,11027,0.367,19497,0.649,13952,0.4644,11049,0.3678,3211,2742,4271,6763,7236,5819,14546.0,3629.0,4319.0,13013.0,0.3319
28200520,구월2동,남동구,602,11,18,41,9,16,9,11,30,8,19,1,1,1,9,5,0,5,43,3,3,6,0,26,2,1,5,9,3,5,36439,17858,18581,25165,0.6906,22190,0.609,20516,0.563,15938,0.4374,10997,0.3018,21255,0.5833,26938,0.7393,14264,0.3915,18792,0.5157,13203,0.3623,10922,0.2997,10329,0.2835,10354,0.2842,14226,0.3904,12720,0.3491,5339,0.1465,7635,0.2095,5089,0.1397,14360,0.3941,8983,0.2465,16421,0.4506,6209,0.1704,21255,0.5833,15614,0.4285,16573,0.4548,12483,0.3426,22970,0.6304,16777,0.4604,12567,0.3449,4752,3910,4180,8331,8744,6522,4931.0,1396.0,2475.0,13295.0,0.1862
28200521,구월3동,남동구,3793,68,34,145,96,82,31,33,230,40,64,5,3,3,30,17,10,5,22,24,20,118,7,268,51,43,94,43,70,39,28050,14221,13829,22142,0.7894,17014,0.6066,19111,0.6813,14622,0.5213,12644,0.4508,19375,0.6907,17996,0.6416,15077,0.5375,17191,0.6129,13138,0.4684,12950,0.4617,8491,0.3027,10393,0.3705,15193,0.5416,13638,0.4862,5465,0.1948,9509,0.339,1765,0.0629,14786,0.5271,9673,0.3449,16017,0.571,3290,0.1173,19375,0.6907,15439,0.5504,14246,0.5079,13327,0.4751,21318,0.76,13762,0.4906,13097,0.4669,1554,2767,6899,6351,6125,4354,36305.0,6218.0,8997.0,15790.0,0.5698
28200522,구월4동,남동구,1107,15,21,64,11,11,5,15,30,9,17,1,1,1,12,3,2,1,8,4,6,21,1,65,6,6,23,6,1,3,12593,6420,6173,8333,0.6617,7829,0.6217,6326,0.5023,4356,0.3459,3037,0.2411,7495,0.5952,10783,0.8562,4160,0.3303,5912,0.4695,3504,0.2782,3336,0.2649,2312,0.1836,2822,0.2241,4263,0.3385,3636,0.2887,1588,0.1261,2464,0.1957,705,0.056,3902,0.3099,3087,0.2451,4615,0.3665,1101,0.0874,7495,0.5952,4858,0.3858,5447,0.4326,3825,0.3037,7981,0.6338,5240,0.4161,3681,0.2923,521,838,1684,2093,3718,3739,5428.0,1835.0,3270.0,6762.0,0.4836
28200530,간석1동,남동구,884,17,21,73,13,11,8,14,37,11,18,0,1,1,21,11,1,2,17,7,4,11,0,43,8,14,20,6,2,3,18400,9002,9398,12747,0.6928,11697,0.6357,10416,0.5661,7893,0.4289,5852,0.318,11357,0.6172,14044,0.7633,7418,0.4031,9721,0.5283,6480,0.3522,6130,0.3332,3784,0.2056,4936,0.2683,7506,0.4079,6623,0.3599,2648,0.1439,4282,0.2327,1293,0.0703,7197,0.3911,4992,0.2713,8160,0.4435,1849,0.1005,11357,0.6172,8291,0.4506,8725,0.4742,6812,0.3702,12093,0.6572,8591,0.4669,6685,0.3633,1193,1390,3027,3743,4587,4460,5723.0,1803.0,3295.0,8258.0,0.399
28200540,간석2동,남동구,968,24,24,51,11,9,11,16,30,6,25,1,0,3,11,6,10,3,12,1,8,17,1,70,13,54,52,7,6,3,20327,10115,10212,13866,0.6821,12281,0.6042,11022,0.5423,8270,0.4068,5743,0.2825,11974,0.5891,15841,0.7793,7565,0.3722,10170,0.5003,6857,0.3373,5887,0.2896,5075,0.2496,5426,0.2669,7593,0.3735,6638,0.3266,2884,0.1419,4307,0.2119,2147,0.1056,7494,0.3687,5027,0.2473,8603,0.4232,2771,0.1363,11974,0.5891,8457,0.416,8979,0.4417,6723,0.3307,12856,0.6325,8912,0.4384,6688,0.329,1807,1892,2624,4087,5263,4654,5284.0,1539.0,2579.0,8329.0,0.3096
28200550,간석3동,남동구,976,22,37,67,12,13,15,7,37,9,19,2,1,1,19,4,2,7,17,5,7,21,1,58,11,5,32,16,8,3,24695,12399,12296,16763,0.6788,15492,0.6273,13239,0.5361,9513,0.3852,6757,0.2736,14829,0.6005,20107,0.8142,8834,0.3577,12289,0.4976,7663,0.3103,7057,0.2858,5182,0.2098,5997,0.2429,8939,0.362,7762,0.3143,3227,0.1307,5031,0.2037,1913,0.0775,8570,0.347,6136,0.2485,9874,0.3998,2633,0.1066,14829,0.6005,10095,0.4088,11121,0.4504,7994,0.3237,15828,0.6409,10909,0.4417,7832,0.3171,1667,1934,3286,4654,6889,6265,8588.0,2688.0,4173.0,11421.0,0.3654
28200551,간석4동,남동구,1019,23,27,56,13,13,11,5,37,11,20,0,1,3,18,4,7,3,28,9,7,14,3,61,5,5,18,10,4,0,27650,13743,13907,19357,0.7001,17260,0.6242,15685,0.5673,11705,0.4233,8590,0.3107,17017,0.6154,21264,0.769,10934,0.3955,14475,0.5235,9612,0.3476,8869,0.3208,6514,0.2356,7552,0.2731,11005,0.398,9695,0.3506,3983,0.144,6429,0.2325,2253,0.0815,10758,0.3891,7266,0.2628,12099,0.4376,3154,0.1141,17017,0.6154,12095,0.4374,12628,0.4567,9796,0.3543,18263,0.6605,12500,0.4521,9686,0.3503,2006,2340,4302,5457,7258,6287,7465.0,2166.0,4422.0,12341.0,0.3583
28200560,만수1동,남동구,715,16,18,49,2,4,7,7,28,10,13,1,1,2,14,5,2,3,5,1,10,26,0,42,10,0,30,7,6,1,14986,7285,7701,9645,0.6436,9382,0.6261,7480,0.4991,5329,0.3556,3731,0.249,8722,0.582,12772,0.8522,4941,0.3297,7022,0.4686,4150,0.2769,3994,0.2665,2519,0.1681,3192,0.213,5036,0.336,4320,0.2883,1741,0.1162,2793,0.1864,794,0.053,4704,0.3139,3549,0.2368,5438,0.3629,1183,0.079,8722,0.582,5768,0.3849,6505,0.4341,4559,0.3042,9243,0.6168,6308,0.4209,4426,0.2954,696,923,1943,2572,4207,4645,7755.0,1412.0,3876.0,8100.0,0.4785
28200570,만수2동,남동구,793,17,19,59,16,12,8,12,30,11,18,1,3,2,17,2,3,7,45,7,5,6,0,32,5,3,5,4,5,5,21925,10694,11231,15038,0.6859,13670,0.6235,11877,0.5417,8632,0.3937,5799,0.2645,12825,0.5849,17536,0.7998,7778,0.3548,10838,0.4943,7048,0.3215,5972,0.2724,5347,0.2439,5645,0.2575,7825,0.3569,6729,0.3069,3023,0.1379,4500,0.2052,2296,0.1047,7662,0.3495,5271,0.2404,8983,0.4097,3026,0.138,12825,0.5849,8792,0.401,9665,0.4408,6792,0.3098,13880,0.6331,9630,0.4392,6726,0.3068,1803,2213,2535,4235,6055,5084,3310.0,1483.0,2375.0,8956.0,0.2652
28200580,만수3동,남동구,359,15,13,34,4,5,7,4,17,1,6,0,0,0,9,1,1,1,10,1,3,6,0,11,5,1,4,4,0,0,15539,7795,7744,10572,0.6804,9636,0.6201,8257,0.5314,5907,0.3801,4170,0.2684,9174,0.5904,12319,0.7928,5545,0.3568,7590,0.4884,5060,0.3256,4394,0.2828,3726,0.2398,4031,0.2594,5618,0.3615,5004,0.3221,2176,0.1401,3186,0.205,1590,0.1023,5362,0.3451,3876,0.2494,6316,0.4065,2084,0.1341,9174,0.5904,6297,0.4053,6876,0.4425,4955,0.3189,9874,0.6354,6778,0.4362,4844,0.3118,1369,1398,1932,2986,4256,3598,1928.0,944.0,1843.0,6573.0,0.2804
28200581,만수4동,남동구,199,7,6,18,5,1,7,1,8,2,3,0,0,0,2,0,1,1,13,0,0,1,0,2,0,0,1,1,0,0,17975,8642,9333,11998,0.6675,11368,0.6324,9533,0.5303,6910,0.3844,4818,0.268,10546,0.5867,14453,0.8041,6312,0.3511,8816,0.4905,5702,0.3172,5054,0.2812,3837,0.2134,4445,0.2473,6378,0.3548,5620,0.3127,2420,0.1347,3646,0.2028,1513,0.0842,6146,0.3419,4267,0.2374,7094,0.3947,2043,0.1137,10546,0.5867,7127,0.3965,7804,0.4341,5672,0.3156,11282,0.6276,7790,0.4334,5581,0.3105,1295,1452,2343,3299,4904,4682,1682.0,652.0,2743.0,8273.0,0.3316
28200582,만수5동,남동구,823,17,22,65,8,9,5,7,29,7,14,0,0,0,17,8,7,1,9,1,14,46,0,53,7,0,41,9,4,2,13850,6911,6939,8939,0.6454,8534,0.6162,6885,0.4971,4726,0.3412,3431,0.2477,8015,0.5787,11654,0.8415,4601,0.3322,6412,0.463,4000,0.2888,3716,0.2683,2557,0.1846,3146,0.2272,4695,0.339,4052,0.2926,1745,0.126,2741,0.1979,788,0.0569,4367,0.3153,3302,0.2384,5096,0.3679,1187,0.0857,8015,0.5787,5237,0.3781,5835,0.4213,4219,0.3046,8538,0.6165,5663,0.4089,4078,0.2944,695,924,1898,2274,3843,4216,3816.0,1444.0,2764.0,6816.0,0.4055
28200583,만수6동,남동구,1050,19,34,58,22,10,7,11,47,9,16,1,2,4,24,8,3,5,27,8,10,21,0,43,7,0,18,12,8,6,21581,10351,11230,14394,0.667,13574,0.629,11152,0.5168,7920,0.367,5368,0.2487,12491,0.5788,17809,0.8252,7000,0.3244,10254,0.4752,6495,0.301,5576,0.2584,4707,0.2181,5185,0.2403,7055,0.3269,6194,0.287,2816,0.1305,4232,0.1961,1900,0.088,6862,0.318,4781,0.2215,8033,0.3722,2572,0.1192,12491,0.5788,8000,0.3707,8944,0.4144,6150,0.285,13416,0.6217,8973,0.4158,6090,0.2822,1354,1903,2518,3612,6361,5833,8848.0,2002.0,2983.0,9376.0,0.3182
28200650,장수서창동,남동구,535,16,24,25,2,5,7,3,37,6,9,0,2,1,10,4,1,2,15,4,4,4,0,51,2,0,2,5,1,2,18056,9022,9034,12036,0.6666,10948,0.6063,9275,0.5137,6626,0.367,4298,0.238,10152,0.5623,14646,0.8111,5980,0.3312,8477,0.4695,5576,0.3088,4550,0.252,4493,0.2488,4575,0.2534,6055,0.3353,5269,0.2918,2532,0.1402,3512,0.1945,2066,0.1144,5792,0.3208,4221,0.2338,7074,0.3918,2698,0.1494,10152,0.5623,6862,0.3801,7621,0.4221,5215,0.2888,11017,0.6102,7597,0.4207,5140,0.2846,1580,1884,1845,3345,4962,4440,5207.0,1457.0,1843.0,7253.0,0.2541
28200655,서창2동,남동구,1031,26,23,48,16,17,7,11,40,25,20,2,2,5,26,9,4,8,81,17,6,12,6,41,6,1,8,14,11,3,37336,18502,18834,25259,0.6765,22882,0.6129,20777,0.5565,16907,0.4528,11476,0.3074,21773,0.5832,27743,0.7431,15399,0.4124,19468,0.5214,13176,0.3529,11346,0.3039,10855,0.2907,10178,0.2726,15381,0.412,13751,0.3683,4961,0.1329,6658,0.1783,6022,0.1613,15443,0.4136,9543,0.2556,17548,0.47,6751,0.1808,21773,0.5832,16927,0.4534,17791,0.4765,14046,0.3762,23092,0.6185,17870,0.4786,14094,0.3775,5941,3486,3748,10314,7711,6136,7011.0,2092.0,4443.0,14961.0,0.297
28200660,남촌도림동,남동구,868,20,24,43,4,3,13,7,43,8,13,0,0,1,10,2,2,2,8,7,9,12,0,60,3,0,12,6,4,2,18556,9464,9092,12479,0.6725,11609,0.6256,9438,0.5086,6421,0.3461,4322,0.2329,10932,0.5891,15555,0.8383,5950,0.3207,8734,0.4707,5380,0.2899,4670,0.2516,3948,0.2128,4339,0.2338,6070,0.3271,5254,0.2832,2425,0.1307,3546,0.1911,1537,0.0828,5651,0.3046,4371,0.2356,6830,0.3681,2140,0.1153,10932,0.5891,6959,0.375,7988,0.4305,5336,0.2875,11719,0.6315,7806,0.4207,5178,0.279,1200,1547,2141,3142,5649,4877,19815.0,3165.0,2442.0,8141.0,0.3
28200690,논현1동,남동구,1535,28,36,47,6,8,12,9,40,13,30,1,2,4,26,15,3,4,51,5,8,23,2,82,8,34,17,11,5,3,30951,15499,15452,21994,0.7106,18947,0.6122,17467,0.5644,12858,0.4154,8703,0.2812,18785,0.6069,23419,0.7566,11936,0.3857,16048,0.5185,10922,0.3529,9172,0.2963,8332,0.2692,8711,0.2814,12082,0.3904,10536,0.3404,4668,0.1508,6783,0.2192,3660,0.1183,11572,0.3739,8173,0.2641,13767,0.4448,4703,0.152,18785,0.6069,13423,0.4337,14617,0.4722,10623,0.3432,20309,0.6562,14345,0.4635,10428,0.3369,3146,3209,3915,6643,8227,5811,7638.0,2711.0,4216.0,13020.0,0.3238
28200700,논현2동,남동구,1707,34,49,57,34,18,12,16,60,14,30,3,2,3,22,5,4,6,60,12,12,29,3,72,15,11,30,17,15,3,30529,15367,15162,21634,0.7086,18465,0.6048,17142,0.5615,12197,0.3995,8602,0.2818,18452,0.6044,23003,0.7535,11802,0.3866,15629,0.5119,11038,0.3616,9383,0.3073,8014,0.2625,8960,0.2935,12032,0.3941,10574,0.3464,5105,0.1672,7323,0.2399,3138,0.1028,11227,0.3677,8338,0.2731,13579,0.4448,4348,0.1424,18452,0.6044,13202,0.4324,14031,0.4596,10507,0.3442,20087,0.658,13732,0.4498,10176,0.3333,2367,3182,4444,5953,8055,6528,22360.0,4849.0,5411.0,14041.0,0.3854
28200710,논현고잔동,남동구,2026,49,45,59,17,18,13,16,78,24,35,2,2,6,18,9,3,8,107,28,5,8,3,84,2,1,7,20,7,4,39123,19331,19792,28638,0.732,23882,0.6104,23275,0.5949,17706,0.4526,11858,0.3031,23676,0.6052,28306,0.7235,15715,0.4017,21077,0.5387,14774,0.3776,11806,0.3018,12232,0.3127,11982,0.3063,15672,0.4006,13818,0.3532,6300,0.161,8822,0.2255,6025,0.154,15822,0.4044,10122,0.2587,18434,0.4712,7433,0.19,23676,0.6052,17355,0.4436,18737,0.4789,13443,0.3436,25876,0.6614,18871,0.4824,13530,0.3458,5101,4962,4477,8995,10204,5384,65769.0,9162.0,3452.0,14614.0,0.2362
28237510,부평1동,부평구,2201,47,36,84,100,124,9,33,96,22,37,3,2,1,19,12,4,6,30,18,6,11,3,129,7,32,52,18,13,13,34401,16527,17874,24830,0.7218,21684,0.6303,20839,0.6058,16013,0.4655,12424,0.3611,21935,0.6376,25091,0.7294,15053,0.4376,19106,0.5554,13176,0.383,12562,0.3652,8427,0.245,10207,0.2967,15089,0.4386,13466,0.3914,5290,0.1538,8984,0.2612,2593,0.0754,14964,0.435,9559,0.2779,16311,0.4741,3769,0.1096,21935,0.6376,16206,0.4711,16226,0.4717,13450,0.391,23608,0.6863,16127,0.4688,13348,0.388,2341,2895,6297,7119,8519,7230,15527.0,4845.0,6280.0,16231.0,0.3869
28237520,부평2동,부평구,341,15,20,30,4,3,7,4,14,3,6,1,0,0,6,4,0,0,11,2,1,2,0,15,0,0,4,3,0,0,16704,8205,8499,11726,0.702,10682,0.6395,9732,0.5826,7472,0.4473,5806,0.3476,10497,0.6284,12418,0.7434,7091,0.4245,9050,0.5418,6127,0.3668,5959,0.3568,3529,0.2112,4480,0.2682,7143,0.4276,6430,0.3849,2314,0.1386,3870,0.2317,1183,0.0708,6960,0.4167,4578,0.274,7675,0.4595,1692,0.1013,10497,0.6284,7716,0.4619,8114,0.4857,6475,0.3876,11194,0.6701,8003,0.4791,6389,0.3825,1356,1229,2743,3703,4051,3622,1948.0,761.0,2671.0,6850.0,0.3899
28237530,부평3동,부평구,610,13,19,38,9,6,8,6,20,7,13,0,0,1,11,3,1,1,8,4,6,9,1,37,3,2,22,5,2,2,13630,6762,6868,9158,0.6719,8583,0.6297,7449,0.5465,5740,0.4211,4323,0.3172,8267,0.6065,10479,0.7688,5421,0.3977,7016,0.5148,4553,0.334,4468,0.3278,2656,0.1948,3209,0.2354,5470,0.4013,4893,0.359,1655,0.1214,2747,0.2015,960,0.0704,5299,0.3888,3512,0.2577,5903,0.4331,1277,0.0937,8267,0.6065,5975,0.4384,6438,0.4723,5037,0.3695,8725,0.6401,6335,0.4648,4962,0.3641,1232,891,1952,3060,3255,3240,3548.0,1243.0,2537.0,6922.0,0.3665
28237540,부평4동,부평구,2393,41,45,124,27,40,13,22,118,27,48,3,3,6,40,21,5,5,17,6,8,20,5,159,9,32,64,41,20,17,32948,16142,16806,23812,0.7227,21102,0.6405,19909,0.6043,15458,0.4692,11751,0.3566,21341,0.6477,24301,0.7375,14515,0.4405,18557,0.5632,12406,0.3765,11980,0.3636,7756,0.2354,9490,0.288,14606,0.4433,12954,0.3931,4848,0.1472,8180,0.2483,2534,0.0769,14287,0.4336,9325,0.283,15713,0.4769,3503,0.1063,21341,0.6477,15847,0.481,16088,0.4883,13292,0.4034,22705,0.6891,15899,0.4825,13141,0.3988,2366,2471,5924,7318,8099,6770,20153.0,4382.0,7186.0,16950.0,0.424
28237550,부평5동,부평구,2698,62,42,108,36,35,11,23,91,13,38,2,2,5,28,15,14,0,21,7,15,32,10,141,11,80,108,49,22,13,33021,16198,16823,24118,0.7304,21128,0.6398,20323,0.6155,16023,0.4852,12377,0.3748,21445,0.6494,23357,0.7073,15145,0.4586,18924,0.5731,13003,0.3938,12493,0.3783,8328,0.2522,9612,0.2911,15209,0.4606,13738,0.4161,4852,0.1469,8023,0.243,3069,0.0929,14984,0.4538,9607,0.2909,16483,0.4992,4006,0.1213,21445,0.6494,16426,0.4974,16763,0.5076,13851,0.4195,22844,0.6918,16570,0.5018,13728,0.4157,3354,2673,5618,8192,7635,5549,11276.0,3934.0,5698.0,15493.0,0.3678
28237560,부평6동,부평구,731,17,33,46,16,8,14,15,36,10,18,2,1,1,11,1,3,2,7,4,4,18,2,31,2,2,9,14,3,1,19155,9427,9728,13590,0.7095,12162,0.6349,11449,0.5977,8983,0.469,7096,0.3705,12176,0.6357,14006,0.7312,8453,0.4413,10633,0.5551,7111,0.3712,7098,0.3706,4324,0.2257,5138,0.2682,8471,0.4422,7653,0.3995,2616,0.1366,4447,0.2322,1398,0.073,8407,0.4389,5333,0.2784,9074,0.4737,2008,0.1048,12176,0.6357,9130,0.4767,9343,0.4878,7673,0.4006,12987,0.678,9257,0.4833,7634,0.3986,1772,1414,3165,4495,4516,3793,5807.0,1249.0,2611.0,6986.0,0.3737
28237570,산곡1동,부평구,356,8,7,30,7,2,5,7,18,3,5,2,0,2,1,2,1,3,13,5,2,8,0,7,0,0,4,1,2,0,14180,6958,7222,9853,0.6949,9145,0.6449,8273,0.5834,6673,0.4706,5125,0.3614,8776,0.6189,10246,0.7225,6218,0.4385,7779,0.5486,5219,0.3681,5162,0.3641,3130,0.2207,3598,0.2538,6237,0.4398,5690,0.4012,1839,0.1297,3007,0.2121,1262,0.089,6172,0.4353,3824,0.2696,6817,0.4807,1607,0.1133,8776,0.6189,6714,0.4734,7024,0.4953,5748,0.4054,9273,0.6539,7028,0.4956,5724,0.4036,1614,1077,2046,3694,3036,2713,2250.0,671.0,1772.0,6333.0,0.2798
28237580,산곡2동,부평구,663,12,16,32,11,11,7,15,26,11,13,0,2,2,14,5,4,8,58,10,7,8,0,23,1,0,18,4,6,1,28443,13910,14533,19718,0.6932,17430,0.6128,15612,0.5489,11738,0.4127,7930,0.2788,16607,0.5839,21682,0.7623,10493,0.3689,14216,0.4998,9932,0.3492,8027,0.2822,7949,0.2795,8006,0.2815,10495,0.369,9340,0.3284,4258,0.1497,6029,0.212,3800,0.1336,10487,0.3687,6804,0.2392,12198,0.4289,4753,0.1671,16607,0.5839,11601,0.4079,12463,0.4382,9080,0.3192,18015,0.6334,12580,0.4423,9101,0.32,3101,3111,3252,5835,7520,5624,4493.0,1523.0,1558.0,10246.0,0.1521
28237581,산곡3동,부평구,436,8,15,28,5,6,10,5,10,5,7,0,1,1,7,4,1,3,13,4,3,8,0,11,3,0,4,1,1,0,19551,9405,10146,12449,0.6367,11874,0.6073,9744,0.4984,6846,0.3502,4796,0.2453,10756,0.5502,16152,0.8261,6216,0.318,8892,0.4548,5758,0.2945,4980,0.2547,4133,0.2114,4580,0.2343,6262,0.3203,5546,0.2836,2522,0.129,3733,0.1909,1638,0.0838,6102,0.3121,4215,0.2156,7075,0.3619,2312,0.1182,10756,0.5502,6938,0.3549,7734,0.3956,5395,0.276,11636,0.5952,7805,0.3992,5355,0.2739,1307,1693,2210,3172,5374,5795,2614.0,1067.0,2041.0,8023.0,0.2544
28237582,산곡4동,부평구,358,7,15,22,10,7,5,7,16,5,7,1,1,2,8,4,1,8,27,4,2,3,0,9,3,0,7,2,1,0,16117,7650,8467,11081,0.6875,10094,0.6263,8829,0.5478,6507,0.4037,4610,0.286,9575,0.5941,12528,0.7773,5818,0.361,8095,0.5023,5435,0.3372,4650,0.2885,3946,0.2448,4328,0.2686,5825,0.3614,5187,0.3218,2289,0.142,3514,0.218,1601,0.0993,5802,0.36,3749,0.2326,6607,0.4099,2125,0.1318,9575,0.5941,6405,0.3974,6833,0.424,5099,0.3164,10299,0.639,6962,0.432,5105,0.3167,1339,1506,2168,2933,4474,3697,2269.0,933.0,1428.0,6333.0,0.2255
28237591,청천1동,부평구,617,9,14,26,3,7,8,2,32,6,14,1,2,0,6,3,4,1,4,1,3,15,0,47,5,2,28,4,1,3,22723,11464,11259,15966,0.7026,14822,0.6523,13680,0.602,11362,0.5,8906,0.3919,14594,0.6423,15830,0.6967,10750,0.4731,13040,0.5739,8475,0.373,8989,0.3956,5016,0.2207,5280,0.2324,10804,0.4755,10087,0.4439,2584,0.1137,4288,0.1887,1981,0.0872,10616,0.4672,6583,0.2897,11494,0.5058,2420,0.1065,14594,0.6423,11616,0.5112,12192,0.5365,10145,0.4465,15276,0.6723,12074,0.5314,10076,0.4434,3618,1372,3069,7053,4472,3139,6719.0,1907.0,1447.0,4921.0,0.294
28237592,청천2동,부평구,1614,33,31,52,10,11,12,18,50,11,21,0,1,2,21,3,6,8,18,9,19,41,1,102,16,2,39,19,9,1,32584,16294,16290,22680,0.696,20679,0.6346,18225,0.5593,13790,0.4232,10275,0.3153,20104,0.617,24393,0.7486,12944,0.3973,17032,0.5227,11605,0.3562,10659,0.3271,7569,0.2323,8758,0.2688,13074,0.4012,11884,0.3647,4628,0.142,7190,0.2207,2970,0.0911,12619,0.3873,8535,0.2619,14372,0.4411,3893,0.1195,20104,0.617,14305,0.439,15213,0.4669,11851,0.3637,21382,0.6562,15063,0.4623,11686,0.3586,3203,2576,4894,6902,8308,6701,34019.0,4560.0,3902.0,13866.0,0.2814
28237641,갈산1동,부평구,1140,21,18,49,10,10,3,4,43,10,11,2,1,2,13,8,5,0,4,4,7,25,3,45,5,2,16,11,4,0,13851,6999,6852,9736,0.7029,8998,0.6496,7639,0.5515,5423,0.3915,3845,0.2776,8682,0.6268,11101,0.8014,5136,0.3708,7125,0.5144,4479,0.3234,4200,0.3032,2894,0.2089,3479,0.2512,5241,0.3784,4624,0.3338,1956,0.1412,2988,0.2157,960,0.0693,4874,0.3519,3633,0.2623,5709,0.4122,1420,0.1025,8682,0.6268,5843,0.4218,6434,0.4645,4700,0.3393,9268,0.6691,6304,0.4551,4565,0.3296,825,1054,2026,2629,4027,3290,9142.0,2237.0,2013.0,6330.0,0.318
28237642,갈산2동,부평구,571,13,14,32,13,10,6,3,45,14,5,1,0,1,5,5,1,3,15,5,1,5,0,41,2,0,12,6,8,12,16941,8177,8764,11055,0.6526,10692,0.6311,8803,0.5196,6471,0.382,4871,0.2876,9761,0.5762,13678,0.8074,6029,0.3559,8106,0.4785,5327,0.3145,4966,0.2931,3500,0.2066,4053,0.2393,6066,0.3581,5430,0.3206,2158,0.1274,3385,0.1998,1288,0.076,5937,0.3505,3899,0.2301,6661,0.3932,1805,0.1066,9761,0.5762,6566,0.3876,7020,0.4144,5383,0.3178,10460,0.6174,7063,0.4169,5334,0.3149,1137,1294,2209,3158,4394,4749,2829.0,1155.0,2961.0,8020.0,0.3692
28237646,삼산1동,부평구,628,13,21,62,12,10,8,8,17,9,14,2,1,0,21,4,1,6,25,6,6,7,0,30,7,0,8,4,0,2,30858,15019,15839,21554,0.6985,19555,0.6337,17215,0.5579,12550,0.4067,8614,0.2791,18635,0.6039,24189,0.7839,11337,0.3674,15842,0.5134,10217,0.3311,8862,0.2872,7417,0.2404,8013,0.2597,11393,0.3692,9937,0.322,4289,0.139,6406,0.2076,3144,0.1019,11198,0.3629,7463,0.2419,12931,0.419,4117,0.1334,18635,0.6039,12658,0.4102,13860,0.4491,10035,0.3252,20016,0.6486,13965,0.4526,9965,0.3229,2638,2919,3807,6205,8623,6666,5357.0,2037.0,4166.0,13518.0,0.3082
28237648,삼산2동,부평구,1363,15,21,41,39,17,7,14,46,15,18,2,3,5,13,6,3,11,90,17,11,20,5,51,8,4,26,11,11,7,26716,12880,13836,19270,0.7213,16305,0.6103,15446,0.5782,11376,0.4258,7368,0.2758,15889,0.5947,20129,0.7534,9820,0.3676,13875,0.5193,9540,0.3571,7365,0.2757,8128,0.3042,7888,0.2952,9775,0.3659,8592,0.3216,4202,0.1573,5861,0.2194,3867,0.1447,9931,0.3717,6356,0.2379,11610,0.4346,4922,0.1842,15889,0.5947,10909,0.4083,11900,0.4454,8199,0.3069,17435,0.6526,12134,0.4542,8290,0.3103,2924,3381,2890,5339,7660,4522,10615.0,2661.0,1832.0,9834.0,0.1863
28237650,부개1동,부평구,576,9,14,53,7,1,6,8,11,7,7,1,1,2,10,2,3,2,8,3,4,11,1,33,2,2,10,4,2,0,14630,7260,7370,9291,0.6351,9024,0.6168,7210,0.4928,5157,0.3525,3636,0.2485,8323,0.5689,12405,0.8479,4918,0.3362,6755,0.4617,4142,0.2831,3886,0.2656,2609,0.1783,3152,0.2154,5010,0.3424,4261,0.2913,1722,0.1177,2665,0.1822,928,0.0634,4689,0.3205,3469,0.2371,5459,0.3731,1310,0.0895,8323,0.5689,5609,0.3834,6276,0.429,4533,0.3098,8842,0.6044,6097,0.4167,4407,0.3012,813,968,1788,2703,3832,4526,3912.0,1296.0,2785.0,7406.0,0.376
28237660,부개2동,부평구,543,12,10,44,5,8,2,7,26,8,11,2,1,1,10,5,4,5,22,9,4,14,1,19,5,0,7,7,1,0,18709,9050,9659,12948,0.6921,11795,0.6304,10483,0.5603,7983,0.4267,5880,0.3143,11280,0.6029,14314,0.7651,7316,0.391,9668,0.5167,6480,0.3464,5897,0.3152,4438,0.2372,4942,0.2641,7329,0.3917,6517,0.3483,2548,0.1362,4046,0.2163,1816,0.0971,7284,0.3893,4703,0.2514,8197,0.4381,2353,0.1258,11280,0.6029,8053,0.4304,8485,0.4535,6538,0.3494,12080,0.6457,8510,0.4549,6512,0.3481,1705,1668,2554,3975,4751,4056,3154.0,1258.0,2324.0,7936.0,0.2928
28237661,부개3동,부평구,730,14,23,49,15,6,12,11,22,8,16,1,1,2,19,7,2,4,37,9,4,5,0,34,6,1,15,2,5,0,27047,12814,14233,19557,0.7231,17655,0.6527,15815,0.5847,11910,0.4403,8644,0.3196,16921,0.6256,20612,0.7621,10571,0.3908,14423,0.5333,9674,0.3577,8574,0.317,6541,0.2418,7552,0.2792,10530,0.3893,9280,0.3431,3959,0.1464,6403,0.2367,2476,0.0915,10673,0.3946,6635,0.2453,11837,0.4376,3433,0.1269,16921,0.6256,11503,0.4253,12051,0.4456,9176,0.3393,18250,0.6748,12332,0.4559,9250,0.342,1853,2636,4004,5197,7720,5637,4253.0,1665.0,3225.0,11485.0,0.2808
28237670,일신동,부평구,422,10,17,20,2,4,4,5,14,3,3,0,0,0,7,2,0,1,12,0,3,4,0,25,1,0,3,5,0,3,11066,5562,5504,7187,0.6495,6753,0.6103,5607,0.5067,4007,0.3621,2922,0.2641,6306,0.5699,8826,0.7976,3885,0.3511,5175,0.4677,3484,0.3149,3164,0.2859,2532,0.2288,2734,0.2471,3963,0.3581,3614,0.3266,1521,0.1374,2179,0.1969,981,0.0886,3691,0.3335,2711,0.245,4359,0.3939,1361,0.123,6306,0.5699,4318,0.3902,4648,0.42,3510,0.3172,6791,0.6137,4575,0.4134,3414,0.3085,996,881,1382,2096,2828,2883,6204.0,1266.0,1222.0,4648.0,0.2629
28237680,십정1동,부평구,560,10,29,38,5,8,6,6,30,4,10,1,1,0,8,1,0,1,11,6,1,6,0,36,7,0,14,8,1,2,23602,11749,11853,16559,0.7016,15180,0.6432,14032,0.5945,11347,0.4808,9029,0.3826,14994,0.6353,16233,0.6878,10679,0.4525,13244,0.5611,9437,0.3998,9148,0.3876,4765,0.2019,6602,0.2797,10718,0.4541,9866,0.418,3290,0.1394,5697,0.2414,1778,0.0753,10582,0.4484,6605,0.2798,11486,0.4867,2344,0.0993,14994,0.6353,11485,0.4866,11953,0.5064,9941,0.4212,15791,0.6691,11876,0.5032,9882,0.4187,2657,1565,4290,5631,5073,4386,6608.0,1608.0,3390.0,10953.0,0.3095
28237690,십정2동,부평구,1419,32,36,72,11,9,2,13,43,7,19,2,1,3,28,7,6,4,13,3,22,63,5,88,31,28,79,25,8,0,20405,10626,9779,13581,0.6656,12770,0.6258,10365,0.508,7268,0.3562,5205,0.2551,12208,0.5983,17215,0.8437,6870,0.3367,9735,0.4771,5897,0.289,5578,0.2734,3894,0.1908,4600,0.2254,7007,0.3434,6153,0.3015,2528,0.1239,3844,0.1884,1407,0.069,6526,0.3198,4984,0.2442,7655,0.3752,1945,0.0953,12208,0.5983,8013,0.3927,9067,0.4444,6348,0.3111,12933,0.6338,8745,0.4286,6150,0.3014,1138,1373,2608,3674,5926,5686,5665.0,2194.0,4597.0,10998.0,0.418
28245601,효성1동,계양구,637,17,20,42,8,8,7,9,25,6,13,1,1,3,15,6,2,3,22,5,11,16,1,27,5,1,20,5,2,1,25366,12682,12684,17377,0.6851,16353,0.6447,13620,0.5369,9966,0.3929,7253,0.2859,15417,0.6078,20099,0.7924,9321,0.3675,12705,0.5009,8175,0.3223,7611,0.3,5437,0.2143,6146,0.2423,9441,0.3722,8464,0.3337,3314,0.1306,5065,0.1997,2107,0.0831,9020,0.3556,6260,0.2468,10412,0.4105,2809,0.1107,15417,0.6078,10409,0.4104,11430,0.4506,8503,0.3352,16406,0.6468,11319,0.4462,8350,0.3292,2123,1960,3308,5144,6965,5866,4978.0,1585.0,3050.0,10870.0,0.2806
28245602,효성2동,계양구,771,25,32,62,7,10,10,8,32,7,16,1,0,0,21,3,1,2,15,5,8,24,3,37,2,1,18,15,3,4,29004,14511,14493,20352,0.7017,18690,0.6444,15866,0.547,11394,0.3928,8146,0.2808,17872,0.6162,22850,0.7878,10536,0.3632,14645,0.5049,9601,0.331,8592,0.2962,6602,0.2276,7482,0.258,10669,0.3678,9553,0.3294,4051,0.1397,6190,0.2134,2487,0.0857,10202,0.3517,7207,0.2485,11860,0.4089,3425,0.1181,17872,0.6162,11854,0.4087,12962,0.4469,9438,0.3254,19161,0.6606,12874,0.4439,9263,0.3194,2252,2480,3939,5441,8492,6400,7119.0,1994.0,2596.0,10579.0,0.2454
28245611,계산1동,계양구,1559,27,26,78,25,15,11,15,54,11,29,1,2,2,26,3,8,4,8,9,15,55,9,116,21,24,69,17,11,5,17234,9118,8116,11947,0.6932,11074,0.6426,9057,0.5255,6126,0.3555,4566,0.2649,10703,0.621,14219,0.825,6074,0.3524,8418,0.4885,5291,0.307,5001,0.2902,3287,0.1907,4101,0.238,6225,0.3612,5412,0.314,2310,0.134,3610,0.2095,987,0.0573,5695,0.3305,4434,0.2573,6756,0.392,1531,0.0888,10703,0.621,6955,0.4036,7878,0.4571,5594,0.3246,11416,0.6624,7531,0.437,5348,0.3103,749,1244,2448,3064,5191,4538,8303.0,2723.0,4125.0,8826.0,0.4674
28245612,계산2동,계양구,700,20,19,47,17,9,7,8,42,12,15,2,2,2,11,5,4,3,8,4,3,17,1,30,4,0,13,4,3,1,13760,6827,6933,9292,0.6753,8947,0.6502,7170,0.5211,4890,0.3553,3802,0.2763,8290,0.6025,11380,0.827,4722,0.3431,6594,0.4792,4157,0.3021,3988,0.2898,2612,0.1898,3176,0.2308,4792,0.3483,4269,0.3102,1707,0.1241,2846,0.2068,770,0.056,4546,0.3303,3254,0.2365,5206,0.3783,1207,0.0877,8290,0.6025,5248,0.3814,5902,0.4289,4244,0.3084,8878,0.6452,5780,0.4201,4124,0.2997,627,1002,1900,2304,4086,3841,5663.0,1236.0,3002.0,6899.0,0.4351
28245613,계산3동,계양구,412,14,7,29,8,5,5,4,18,7,8,0,1,0,9,8,4,1,10,2,3,6,0,21,3,1,6,5,1,3,16785,8007,8778,12212,0.7276,11670,0.6953,9718,0.579,7182,0.4279,5444,0.3243,10969,0.6535,12962,0.7722,6614,0.3941,9023,0.5376,5917,0.3525,5611,0.3343,3488,0.2078,4538,0.2704,6651,0.3962,5992,0.357,2453,0.1461,3986,0.2375,1101,0.0656,6523,0.3886,4217,0.2512,7215,0.4298,1619,0.0964,10969,0.6535,7207,0.4294,7571,0.4511,5989,0.3568,11648,0.694,7685,0.4578,5938,0.3538,878,1243,2856,3116,4997,3695,6286.0,958.0,2714.0,7852.0,0.3456
28245614,계산4동,계양구,1805,23,23,49,42,21,14,10,53,11,31,4,2,5,19,13,5,16,82,15,14,23,4,96,13,29,58,18,20,8,22037,11177,10860,16522,0.7497,14136,0.6414,12922,0.5864,9173,0.4163,6456,0.293,14142,0.6417,16439,0.746,8489,0.3852,11786,0.5348,8075,0.3664,6725,0.3052,6142,0.2787,6585,0.2988,8561,0.3885,7574,0.3437,3546,0.1609,5303,0.2406,2458,0.1115,8310,0.3771,5829,0.2645,9766,0.4432,3287,0.1492,14142,0.6417,9503,0.4312,10245,0.4649,7418,0.3366,15317,0.6951,10185,0.4622,7322,0.3322,1869,2380,3180,4206,6756,3646,16792.0,4384.0,2269.0,8462.0,0.2681
28245621,작전1동,계양구,622,19,18,38,7,13,9,6,26,10,14,1,0,1,20,4,1,5,23,4,4,10,0,22,4,0,9,6,0,1,25417,12447,12970,18185,0.7155,16458,0.6475,14512,0.571,10519,0.4139,7520,0.2959,15778,0.6208,19737,0.7765,9565,0.3763,13267,0.522,8703,0.3424,7714,0.3035,6185,0.2433,6882,0.2707,9621,0.3785,8523,0.3353,3731,0.1468,5718,0.225,2344,0.0922,9426,0.3708,6368,0.2506,10774,0.4239,3274,0.1288,15778,0.6208,10642,0.4187,11453,0.4506,8391,0.3301,17032,0.6701,11515,0.453,8319,0.3273,1946,2407,3542,4825,7411,5286,4630.0,1645.0,2847.0,10480.0,0.2717
28245622,작전2동,계양구,1123,22,23,68,20,9,5,16,46,9,19,0,1,2,16,13,1,4,8,5,5,26,0,62,5,3,23,4,2,6,23325,11393,11932,16162,0.6929,15296,0.6558,13015,0.558,9698,0.4158,7315,0.3136,14479,0.6208,18146,0.778,9097,0.39,12118,0.5195,7739,0.3318,7518,0.3223,4884,0.2094,5689,0.2439,9167,0.393,8256,0.354,2956,0.1268,4894,0.2098,1702,0.073,8921,0.3825,5923,0.2539,9933,0.4259,2362,0.1012,14479,0.6208,9987,0.4282,10821,0.4639,8284,0.3551,15396,0.6601,10764,0.4615,8183,0.3508,2009,1683,3347,4903,6229,5154,8031.0,2203.0,3227.0,10192.0,0.3166
28245640,작전서운동,계양구,1108,29,35,48,17,13,7,21,40,11,14,2,0,2,19,6,4,4,27,10,10,24,1,57,5,25,23,10,3,1,31736,15658,16078,23455,0.7391,20672,0.6514,18730,0.5902,13544,0.4268,9657,0.3043,20319,0.6403,23984,0.7557,12351,0.3892,17147,0.5403,11242,0.3542,9957,0.3138,8049,0.2536,8820,0.2779,12424,0.3915,11114,0.3502,4702,0.1482,7247,0.2284,3176,0.1001,12168,0.3834,8275,0.2607,13971,0.4402,4275,0.1347,20319,0.6403,13833,0.4359,15108,0.4761,10874,0.3426,21908,0.6903,15134,0.4769,10758,0.339,2862,3136,4393,6442,9484,5419,17434.0,3096.0,3423.0,12892.0,0.2655
28245710,계양1동,계양구,540,13,14,30,2,5,10,5,27,12,11,0,0,0,12,5,1,5,10,4,3,4,0,41,2,1,5,3,0,3,18391,9087,9304,12655,0.6881,11887,0.6464,9875,0.5369,7083,0.3851,5024,0.2732,11112,0.6042,14782,0.8037,6474,0.352,9108,0.4953,5843,0.3177,5204,0.283,3923,0.2133,4528,0.2462,6519,0.3545,5742,0.3122,2417,0.1314,3752,0.204,1522,0.0828,6360,0.3458,4325,0.2352,7273,0.3955,2094,0.1139,11112,0.6042,7224,0.3928,8059,0.4382,5748,0.3126,11901,0.6471,8060,0.4383,5693,0.3096,1305,1543,2368,3362,5382,4431,4326.0,1344.0,2072.0,7621.0,0.2719
28245720,계양2동,계양구,1176,23,40,86,10,18,15,15,40,18,21,1,1,2,26,7,5,4,24,2,9,22,2,49,8,1,31,10,4,6,30120,14984,15136,21269,0.7061,19713,0.6545,16582,0.5505,11821,0.3925,8471,0.2812,19037,0.632,24161,0.8022,10926,0.3627,15468,0.5136,9708,0.3223,8982,0.2982,6036,0.2004,7467,0.2479,11084,0.368,9756,0.3239,4058,0.1347,6481,0.2152,2002,0.0665,10530,0.3496,7617,0.2529,12117,0.4023,2909,0.0966,19037,0.632,12503,0.4151,13826,0.459,9958,0.3306,20236,0.6718,13632,0.4526,9739,0.3233,1715,2232,4436,5449,9152,7136,6278.0,2321.0,5496.0,14403.0,0.3816
28245730,계양3동,계양구,534,21,23,35,11,6,11,5,24,5,7,0,1,3,11,2,1,3,25,6,4,4,0,16,3,0,5,9,2,1,22791,11276,11515,16136,0.708,14336,0.629,12842,0.5635,9663,0.424,6368,0.2794,13692,0.6008,17742,0.7785,8652,0.3796,11793,0.5174,7647,0.3355,6408,0.2811,6070,0.2663,6140,0.2694,8662,0.3801,7402,0.3248,3248,0.1425,4569,0.2005,2911,0.1277,8626,0.3785,5784,0.2538,10011,0.4393,3668,0.161,13692,0.6008,9768,0.4286,10729,0.4708,7563,0.3318,14787,0.6488,10694,0.4692,7575,0.3324,2431,2444,2447,5120,6125,4224,4695.0,1657.0,2312.0,9202.0,0.2512
28275515,검암경서동,서해구,1212,41,24,70,14,21,16,6,49,15,28,2,1,1,27,8,5,4,49,17,7,21,2,55,6,0,16,16,8,4,43429,22299,21130,32882,0.7571,27681,0.6374,27253,0.6275,20841,0.4799,15103,0.3478,28631,0.6593,30652,0.7058,19701,0.4536,25258,0.5816,17314,0.3987,15672,0.3609,11905,0.2741,13352,0.3074,19916,0.4586,17519,0.4034,7092,0.1633,10754,0.2476,4788,0.1102,19163,0.4412,13216,0.3043,22037,0.5074,6317,0.1455,28631,0.6593,21897,0.5042,22706,0.5228,17888,0.4119,30761,0.7083,22347,0.5146,17581,0.4048,4495,4251,6954,10832,10845,6052,21291.0,5172.0,6639.0,22265.0,0.2982
28275530,연희동,서해구,1766,42,42,97,14,12,22,20,58,17,40,1,1,4,26,12,4,7,27,11,16,53,2,116,21,28,31,14,7,8,35953,18291,17662,25529,0.7101,22921,0.6375,19837,0.5518,13674,0.3803,9879,0.2748,22461,0.6247,28488,0.7924,12909,0.3591,18243,0.5074,11843,0.3294,10604,0.2949,8017,0.223,9521,0.2648,13124,0.365,11662,0.3244,5287,0.147,8109,0.2255,2727,0.0758,12372,0.3441,9187,0.2555,14475,0.4026,4029,0.1121,22461,0.6247,14680,0.4083,16412,0.4565,11513,0.3202,24178,0.6725,16043,0.4462,11195,0.3114,2165,3068,5297,6110,11054,8259,19182.0,3494.0,5389.0,15795.0,0.3412
28275536,청라1동,서해구,2401,25,24,59,64,36,12,14,105,33,38,5,2,8,25,24,2,15,128,32,5,21,11,117,12,2,38,25,26,21,30545,15149,15396,23139,0.7575,18568,0.6079,19494,0.6382,15772,0.5164,11493,0.3763,19372,0.6342,19645,0.6431,14505,0.4749,17855,0.5845,13417,0.4393,11404,0.3733,10289,0.3369,10270,0.3362,14470,0.4737,13184,0.4316,5205,0.1704,7731,0.2531,4949,0.162,14592,0.4777,8995,0.2945,16610,0.5438,5925,0.194,19372,0.6342,15621,0.5114,15891,0.5203,12828,0.42,20999,0.6875,15875,0.5197,12874,0.4215,4741,3767,4405,8438,6529,2665,14082.0,5088.0,2952.0,11392.0,0.2591
28275537,청라2동,서해구,1981,25,18,74,60,25,12,10,93,22,37,2,3,2,28,14,2,8,174,31,4,6,3,78,5,0,13,12,20,16,47771,23549,24222,34910,0.7308,28988,0.6068,29044,0.608,23597,0.494,16386,0.343,29277,0.6129,32297,0.6761,21185,0.4435,26725,0.5594,19613,0.4106,16082,0.3366,16282,0.3408,15484,0.3241,21052,0.4407,19210,0.4021,7773,0.1627,10824,0.2266,8400,0.1758,21518,0.4504,12921,0.2705,24424,0.5113,9677,0.2026,29277,0.6129,22960,0.4806,23502,0.492,18722,0.3919,31538,0.6602,23760,0.4974,18930,0.3963,7955,5633,6003,12788,10486,4906,9099.0,3409.0,4191.0,17369.0,0.2413
28275539,청라3동,서해구,1267,27,23,42,25,23,11,7,66,13,15,1,3,2,16,6,2,4,67,25,3,5,0,49,4,5,13,9,7,5,37059,18357,18702,27573,0.744,22460,0.6061,23560,0.6358,19323,0.5214,14500,0.3913,23446,0.6327,23883,0.6445,17956,0.4845,21652,0.5843,16030,0.4326,14154,0.3819,12854,0.3469,12269,0.3311,17853,0.4817,16567,0.447,5966,0.161,8911,0.2405,6092,0.1644,18214,0.4915,10801,0.2915,20155,0.5439,7107,0.1918,23446,0.6327,19064,0.5144,19049,0.514,15991,0.4315,25271,0.6819,19066,0.5145,16102,0.4345,6497,4127,5339,10689,7418,2989,12033.0,2998.0,3680.0,13434.0,0.2739
28275542,가정1동,서해구,1825,26,32,99,46,39,8,19,86,32,37,3,2,3,41,19,6,13,49,19,9,44,7,104,14,1,51,17,26,10,42720,21091,21629,29831,0.6983,26827,0.628,25480,0.5964,21196,0.4962,16417,0.3843,26719,0.6254,29355,0.6871,19736,0.462,24024,0.5624,16713,0.3912,16170,0.3785,11584,0.2712,11908,0.2787,19719,0.4616,18610,0.4356,5577,0.1305,8901,0.2084,5373,0.1258,19780,0.463,11813,0.2765,21407,0.5011,6163,0.1443,26719,0.6254,21115,0.4943,21594,0.5055,18289,0.4281,28143,0.6588,21572,0.505,18306,0.4285,7061,3112,6194,12101,8424,5828,9116.0,3155.0,4675.0,16609.0,0.2815
28275543,가정2동,서해구,127,5,9,9,1,3,2,0,12,2,6,0,0,0,2,2,0,0,7,1,0,0,0,3,0,0,1,1,1,1,17172,8713,8459,12472,0.7263,11228,0.6539,10674,0.6216,8625,0.5023,6967,0.4057,11283,0.6571,11616,0.6765,8238,0.4798,10047,0.5851,6788,0.3953,7005,0.4079,4336,0.2525,4541,0.2644,8272,0.4817,7884,0.4591,2235,0.1302,3700,0.2155,1646,0.0959,8154,0.4749,5039,0.2935,8809,0.513,2080,0.1211,11283,0.6571,8763,0.5103,9128,0.5315,7634,0.4446,11935,0.695,9062,0.5277,7592,0.4421,2726,1189,2632,4988,3663,1974,1191.0,604.0,1808.0,6878.0,0.2629
28275544,가정3동,서해구,81,4,5,11,1,1,3,0,4,0,1,0,0,0,4,1,0,1,2,1,1,1,0,4,0,0,1,1,0,0,8232,4097,4135,5838,0.7092,5460,0.6632,4496,0.5462,3114,0.3783,2399,0.2914,5224,0.6346,6515,0.7915,2988,0.363,4169,0.5064,2739,0.3328,2505,0.3043,1758,0.2136,2162,0.2626,3023,0.3672,2722,0.3307,1169,0.1421,1848,0.2245,585,0.0711,2900,0.3523,2030,0.2466,3305,0.4015,823,0.1,5224,0.6346,3313,0.4025,3635,0.4416,2710,0.3293,5556,0.6749,3597,0.437,2652,0.3222,498,614,1302,1389,2533,1896,755.0,315.0,1343.0,3840.0,0.3497
28275550,석남1동,서해구,1141,21,39,65,17,8,11,11,38,8,18,0,0,0,18,4,7,1,2,2,12,47,6,77,12,18,50,11,7,2,19628,10103,9525,13453,0.6854,12689,0.6465,10270,0.5233,7220,0.3678,5180,0.2639,12070,0.6149,16070,0.8187,6952,0.3542,9638,0.491,6069,0.3092,5669,0.2888,3819,0.1946,4697,0.2393,7112,0.3623,6242,0.318,2614,0.1332,3951,0.2013,1345,0.0685,6552,0.3338,5018,0.2556,7754,0.395,1906,0.0971,12070,0.6149,8003,0.4077,8999,0.4585,6446,0.3284,12811,0.6527,8670,0.4417,6220,0.3169,1138,1383,2721,3650,5699,5037,5497.0,2033.0,3631.0,9357.0,0.3881
28275560,석남2동,서해구,1234,19,39,62,9,2,14,9,48,4,14,0,2,2,16,3,3,1,3,3,13,36,2,80,12,5,57,13,4,2,11569,5939,5630,7629,0.6594,7204,0.6227,5812,0.5024,4018,0.3473,2833,0.2449,6801,0.5879,9688,0.8374,3816,0.3299,5423,0.4688,3359,0.2903,3077,0.266,2212,0.1912,2635,0.2277,3895,0.3367,3396,0.2935,1466,0.1268,2223,0.1922,786,0.0679,3620,0.3129,2752,0.2378,4286,0.3705,1105,0.0955,6801,0.5879,4406,0.3809,4979,0.4304,3496,0.3022,7238,0.6256,4850,0.4192,3383,0.2924,693,828,1479,1979,3343,3247,14273.0,3406.0,1796.0,5276.0,0.3404
28275561,석남3동,서해구,292,11,22,29,2,2,10,3,10,1,7,1,0,0,5,1,0,1,11,0,4,2,0,9,2,0,2,4,2,1,12695,6364,6331,8843,0.6966,8130,0.6404,6923,0.5453,4894,0.3855,3564,0.2808,7818,0.6158,10142,0.7989,4635,0.3651,6394,0.5037,4115,0.3241,3804,0.2996,2666,0.21,3235,0.2548,4710,0.371,4145,0.3265,1784,0.1405,2766,0.2179,900,0.0709,4447,0.3503,3242,0.2553,5181,0.4081,1325,0.1044,7818,0.6158,5252,0.4137,5730,0.4514,4196,0.3305,8372,0.6595,5629,0.4434,4077,0.3211,749,1025,1840,2316,3662,3103,1625.0,646.0,2124.0,5717.0,0.3715
28275575,신현원창동,서해구,1347,31,30,66,14,13,16,5,44,8,20,1,3,2,17,10,5,8,36,10,10,14,0,78,6,6,21,16,2,5,28463,14319,14144,19564,0.6873,18009,0.6327,15346,0.5392,11351,0.3988,8115,0.2851,17066,0.5996,22136,0.7777,10567,0.3712,14235,0.5001,9518,0.3344,8374,0.2942,7050,0.2477,7334,0.2577,10673,0.375,9604,0.3374,3886,0.1365,5652,0.1986,3114,0.1094,10301,0.3619,7015,0.2465,12012,0.422,3860,0.1356,17066,0.5996,11788,0.4141,12871,0.4522,9567,0.3361,18225,0.6403,12754,0.4481,9408,0.3305,2979,2498,3455,6059,7552,5920,19272.0,3871.0,2974.0,11619.0,0.256
28275580,가좌1동,서해구,1000,26,28,30,0,5,14,5,33,2,11,0,0,2,12,2,1,0,5,1,9,10,0,59,3,2,17,6,2,5,12192,6475,5717,8525,0.6992,7671,0.6292,6662,0.5464,4787,0.3926,3675,0.3014,7702,0.6317,9473,0.777,4696,0.3852,6276,0.5148,4138,0.3394,3961,0.3249,2478,0.2033,3172,0.2602,4801,0.3938,4307,0.3533,1727,0.1417,2778,0.2279,757,0.0621,4434,0.3636,3391,0.2782,5159,0.4231,1117,0.0916,7702,0.6317,5374,0.4408,5868,0.4813,4388,0.3599,8167,0.6699,5591,0.4586,4232,0.3471,826,823,2035,2301,3366,2841,24511.0,4181.0,2398.0,6017.0,0.3985
28275590,가좌2동,서해구,537,10,14,31,11,6,6,8,20,7,11,2,0,1,13,1,3,3,27,5,3,16,0,18,5,0,8,4,3,1,17852,8717,9135,12176,0.6821,11269,0.6313,9540,0.5344,6889,0.3859,4910,0.2751,10534,0.5901,13952,0.7816,6325,0.3543,8743,0.4897,5949,0.3333,5081,0.2846,4161,0.2331,4693,0.2629,6368,0.3567,5652,0.3166,2545,0.1425,3847,0.2155,1661,0.093,6217,0.3482,4165,0.2333,7206,0.4037,2254,0.1262,10534,0.5901,6954,0.3896,7502,0.4202,5580,0.3126,11338,0.6351,7583,0.4248,5532,0.3099,1450,1642,2372,3192,4970,4226,2752.0,1047.0,1517.0,6986.0,0.2171
28275600,가좌3동,서해구,767,26,25,41,2,3,7,10,40,12,16,0,1,2,12,4,0,5,7,1,7,11,1,39,1,1,13,5,2,0,14703,7493,7210,9758,0.6637,9131,0.621,7462,0.5075,5203,0.3539,3791,0.2578,8692,0.5912,12151,0.8264,4998,0.3399,6943,0.4722,4457,0.3031,4092,0.2783,2913,0.1982,3530,0.2401,5102,0.347,4464,0.3036,1936,0.1317,3061,0.2082,923,0.0628,4737,0.3222,3574,0.2431,5581,0.3796,1372,0.0933,8692,0.5912,5678,0.3862,6274,0.4267,4563,0.3104,9279,0.6311,6080,0.4135,4419,0.3005,745,1066,2080,2435,4177,4200,13366.0,2104.0,2689.0,7122.0,0.3776
28275610,가좌4동,서해구,452,10,14,22,2,4,7,2,23,3,4,0,0,2,5,3,0,0,4,3,5,6,0,37,1,0,5,4,1,2,12089,6161,5928,8113,0.6711,7789,0.6443,6471,0.5353,4931,0.4079,3676,0.3041,7323,0.6058,9486,0.7847,4627,0.3828,6136,0.5075,3895,0.3222,3791,0.3136,2408,0.1992,2809,0.2324,4679,0.387,4202,0.3476,1438,0.1189,2326,0.1924,939,0.0777,4498,0.372,3035,0.2511,5090,0.421,1202,0.0994,7323,0.6058,5145,0.4256,5664,0.4686,4322,0.3575,7702,0.6371,5566,0.4604,4257,0.3521,1161,790,1623,2677,3023,2815,6997.0,1254.0,1715.0,5306.0,0.3232
28290510,검단동,검단구,1138,37,29,57,17,9,15,5,37,10,23,0,2,1,20,12,2,7,17,4,4,10,4,58,6,13,21,12,6,2,33221,17392,15829,24428,0.7353,20749,0.6246,19471,0.5861,14219,0.428,10152,0.3056,21254,0.6398,24568,0.7395,13664,0.4113,18101,0.5449,12205,0.3674,10926,0.3289,8553,0.2575,9578,0.2883,13948,0.4199,12310,0.3706,5199,0.1565,7811,0.2351,3390,0.102,12955,0.39,9720,0.2926,15551,0.4681,4514,0.1359,21254,0.6398,15544,0.4679,16823,0.5064,12508,0.3765,22825,0.6871,16267,0.4897,12115,0.3647,3190,3174,4958,7419,8877,5603,9163.0,2862.0,4642.0,13725.0,0.3382
28290520,불로대곡동,검단구,683,22,24,35,8,7,10,7,25,17,21,1,2,5,13,4,1,2,34,8,2,2,2,30,3,0,10,7,2,2,48993,24420,24573,34727,0.7088,29803,0.6083,29403,0.6001,23811,0.486,17328,0.3537,30098,0.6143,33191,0.6775,21916,0.4473,27394,0.5591,19116,0.3902,17424,0.3556,13846,0.2826,13458,0.2747,21971,0.4485,20306,0.4145,6659,0.1359,10001,0.2041,6507,0.1328,21778,0.4445,13748,0.2806,24527,0.5006,7745,0.1581,30098,0.6143,23953,0.4889,25273,0.5159,19915,0.4065,32171,0.6566,25194,0.5142,19864,0.4055,8745,4629,5945,13953,10200,5521,4512.0,1611.0,2362.0,8942.0,0.2641
28290530,원당동,검단구,887,18,18,33,11,8,11,6,26,9,14,0,1,3,17,6,3,5,32,6,7,13,3,30,5,0,5,6,5,4,23554,11939,11615,17580,0.7464,14247,0.6049,14572,0.6187,11030,0.4683,7568,0.3213,14759,0.6266,16779,0.7124,9998,0.4245,13241,0.5621,9175,0.3895,7807,0.3314,6987,0.2966,7284,0.3092,10075,0.4277,8896,0.3777,3890,0.1651,5674,0.2409,3044,0.1292,9806,0.4163,6799,0.2887,11495,0.488,4057,0.1723,14759,0.6266,11256,0.4779,12019,0.5103,8707,0.3696,16160,0.6861,11865,0.5037,8609,0.3655,2629,2821,3165,5509,6085,3345,4926.0,1748.0,2599.0,9523.0,0.2729
28290540,당하동,검단구,824,21,18,25,15,8,5,9,42,12,17,2,2,5,14,5,2,5,34,11,3,10,4,47,6,0,10,12,7,9,43455,21532,21923,31676,0.7289,27669,0.6367,26780,0.6163,21284,0.4898,15900,0.3659,27787,0.6394,30357,0.6986,19619,0.4515,24893,0.5728,16911,0.3892,16002,0.3682,11382,0.2619,12296,0.283,19662,0.4525,17924,0.4125,6233,0.1434,9904,0.2279,4684,0.1078,19511,0.449,12270,0.2824,21653,0.4983,5972,0.1374,27787,0.6394,21295,0.4901,22146,0.5096,17779,0.4091,29685,0.6831,22163,0.51,17734,0.4081,5648,3889,6457,11307,10023,6131,5603.0,1532.0,3333.0,11530.0,0.2891
28290550,오류왕길동,검단구,1535,40,39,31,17,14,7,12,44,16,14,2,1,4,21,7,5,7,16,10,8,26,3,78,7,3,19,18,4,3,25567,12977,12590,18154,0.7101,15965,0.6244,14562,0.5695,10762,0.4209,7512,0.2938,15685,0.6135,19390,0.7584,9856,0.3855,13415,0.5247,8860,0.3466,7712,0.3016,6653,0.2602,6914,0.2704,9932,0.3885,8800,0.3442,3652,0.1429,5403,0.2113,2871,0.1123,9667,0.3781,6654,0.2603,11210,0.4385,3692,0.1444,15685,0.6135,11106,0.4344,12099,0.4732,8776,0.3432,16876,0.6601,11983,0.4687,8672,0.3392,2736,2469,3210,5531,6944,4677,32925.0,5795.0,2164.0,9121.0,0.2373
28290560,마전동,검단구,728,12,17,39,15,11,4,2,26,17,14,1,2,4,16,10,5,5,54,6,5,11,1,33,6,0,6,6,6,3,20920,10369,10551,15482,0.7401,12591,0.6018,12522,0.5986,9170,0.4383,6529,0.3121,12820,0.6128,15006,0.7173,8376,0.4004,11233,0.5369,8138,0.389,6580,0.3145,6491,0.3103,6643,0.3175,8383,0.4007,7486,0.3578,3532,0.1688,5228,0.2499,2805,0.1341,8360,0.3996,5524,0.264,9763,0.4667,3703,0.177,12820,0.6128,9168,0.4382,9731,0.4652,7105,0.3396,14102,0.6741,9751,0.4661,7094,0.3391,2216,2662,2834,4267,5719,3222,4566.0,1551.0,1526.0,7558.0,0.2019
28290570,아라1동,검단구,360,12,14,13,10,8,4,4,24,6,14,0,1,1,10,6,0,2,23,9,0,0,2,27,1,0,2,6,3,3,46953,23270,23683,33259,0.7083,29454,0.6273,29727,0.6331,26222,0.5585,20823,0.4435,29895,0.6367,28556,0.6082,24707,0.5262,28317,0.6031,20359,0.4336,20449,0.4355,13063,0.2782,12957,0.2759,24649,0.525,23619,0.503,5818,0.1239,9578,0.204,6268,0.1335,24853,0.5293,14246,0.3034,26597,0.5665,6982,0.1487,29895,0.6367,25924,0.5521,26190,0.5578,23193,0.494,31311,0.6669,26240,0.5589,23313,0.4965,10438,3364,6706,16527,6662,3256,5431.0,2196.0,3076.0,15307.0,0.201
28290580,아라2동,검단구,1307,15,12,78,42,33,2,13,54,26,17,3,2,6,20,12,4,5,124,20,1,7,16,63,11,17,16,9,18,10,33415,16470,16945,23024,0.689,20295,0.6074,20029,0.5994,17548,0.5252,13031,0.39,20138,0.6027,21810,0.6527,16178,0.4842,19009,0.5689,13348,0.3995,12574,0.3763,10675,0.3195,8993,0.2691,16090,0.4815,15324,0.4586,3968,0.1187,5620,0.1682,6058,0.1813,16398,0.4907,9298,0.2783,17985,0.5382,6351,0.1901,20138,0.6027,17216,0.5152,17748,0.5312,15053,0.4505,21129,0.6323,17846,0.5341,15191,0.4546,7930,2886,3243,11856,5039,2461,3865.0,1562.0,2189.0,10894.0,0.2009
28710250,강화읍,강화군,1877,32,38,101,16,17,11,22,79,20,36,3,2,3,26,11,3,6,37,10,10,9,0,142,8,13,38,17,8,10,21361,10506,10855,12519,0.5861,11937,0.5588,9448,0.4423,6657,0.3117,4342,0.2033,10658,0.4989,18299,0.8567,5995,0.2806,8656,0.4052,5584,0.2614,4539,0.2125,4526,0.2119,4506,0.2109,6049,0.2832,5298,0.248,2464,0.1153,3441,0.1611,2098,0.0982,5859,0.2743,4201,0.1967,7059,0.3305,2684,0.1256,10658,0.4989,6898,0.3229,7973,0.3733,5219,0.2443,11509,0.5388,7891,0.3694,5156,0.2414,1842,1861,1766,3432,5460,7000,9669.0,2893.0,2900.0,9187.0,0.3157
28710310,선원면,강화군,386,8,5,5,2,2,3,2,27,2,4,0,0,1,7,0,0,0,5,4,1,1,0,38,2,0,2,4,2,1,10199,5025,5174,6043,0.5925,6048,0.593,4595,0.4505,3303,0.3238,2138,0.2097,5268,0.5165,8771,0.86,2954,0.2896,4237,0.4154,2600,0.2549,2198,0.2155,2020,0.1981,2011,0.1971,2967,0.2909,2559,0.2509,1058,0.1037,1511,0.1482,930,0.0912,2922,0.2864,2002,0.1963,3370,0.3304,1178,0.1155,5268,0.5165,3369,0.3304,3877,0.3801,2599,0.2548,5640,0.553,3873,0.3797,2587,0.2536,935,775,829,1766,2673,3221,2280.0,859.0,871.0,3429.0,0.254
28710320,불은면,강화군,209,6,6,1,0,0,0,0,17,0,0,0,0,0,3,0,1,0,1,0,0,0,0,16,0,0,1,1,0,1,4972,2507,2465,2257,0.4539,2735,0.55,1525,0.3067,993,0.1997,624,0.1255,2062,0.4147,4883,0.9821,885,0.178,1455,0.2927,724,0.1457,651,0.131,508,0.1022,554,0.1114,901,0.1812,736,0.1481,307,0.0617,436,0.0877,223,0.0449,846,0.1701,664,0.1336,1008,0.2027,280,0.0564,2062,0.4147,1088,0.2187,1435,0.2885,820,0.1649,2150,0.4324,1383,0.2782,800,0.1608,211,195,259,554,1249,2504,2330.0,601.0,688.0,2193.0,0.3137
28710330,길상면,강화군,866,18,27,15,1,1,2,2,77,10,9,0,0,3,7,3,0,2,6,0,3,4,0,83,0,3,8,8,4,9,7193,3640,3553,3725,0.5179,4231,0.5882,2512,0.3492,1659,0.2307,1085,0.1509,3338,0.4641,6877,0.956,1493,0.2075,2357,0.3277,1280,0.178,1149,0.1597,927,0.1289,993,0.1381,1520,0.2113,1295,0.18,565,0.0785,777,0.108,415,0.0577,1425,0.1981,1105,0.1536,1731,0.2407,547,0.0761,3338,0.4641,1801,0.2503,2242,0.3117,1356,0.1885,3514,0.4885,2196,0.3053,1320,0.1835,356,387,432,912,1994,3112,3121.0,1316.0,908.0,3061.0,0.2966
28710340,화도면,강화군,674,24,18,4,0,0,2,1,44,3,4,0,0,2,5,4,0,0,1,0,1,4,1,61,0,0,0,3,2,4,4478,2301,2177,2030,0.4533,2434,0.5436,1364,0.3045,847,0.1891,478,0.1067,1864,0.4163,4452,0.9942,766,0.1711,1314,0.2933,630,0.1407,562,0.1255,432,0.0966,471,0.1052,798,0.1782,650,0.1452,272,0.0609,363,0.0811,195,0.0435,686,0.1532,640,0.1429,888,0.1983,256,0.0571,1864,0.4163,994,0.2221,1301,0.2906,735,0.1642,1940,0.4332,1253,0.2798,696,0.1553,186,166,215,507,1142,2262,1728.0,853.0,732.0,2045.0,0.3579
28710350,양도면,강화군,211,6,4,0,0,0,1,0,11,1,0,0,0,0,0,0,0,0,2,0,0,0,0,22,0,0,0,3,0,1,4179,2110,2069,1862,0.4456,2222,0.5316,1223,0.2926,749,0.1793,450,0.1076,1686,0.4034,4120,0.9858,667,0.1597,1167,0.2792,581,0.1389,490,0.1172,468,0.112,456,0.1091,681,0.163,584,0.1399,251,0.0602,340,0.0814,230,0.055,633,0.1514,524,0.1254,787,0.1883,276,0.066,1686,0.4034,845,0.2021,1170,0.2799,618,0.1478,1756,0.4202,1120,0.268,598,0.1431,201,176,185,426,1075,2116,1106.0,396.0,558.0,1800.0,0.31
28710360,내가면,강화군,298,6,12,8,0,0,0,1,16,3,4,0,0,0,4,1,0,1,0,0,1,1,0,19,0,0,1,3,1,0,2895,1417,1478,1235,0.4266,1568,0.5415,843,0.2913,533,0.1841,320,0.1106,1158,0.4,2948,1.0182,446,0.1541,814,0.2812,348,0.12,335,0.1156,216,0.0747,244,0.0844,455,0.1572,372,0.1283,128,0.0441,206,0.0712,80,0.0276,424,0.1463,351,0.1212,494,0.1706,110,0.0379,1158,0.4,582,0.2012,805,0.2781,421,0.1454,1196,0.4131,778,0.2687,409,0.1413,113,77,133,284,741,1547,873.0,394.0,520.0,1385.0,0.3755
28710370,하점면,강화군,134,5,7,1,0,0,0,0,8,0,1,0,0,0,0,1,0,0,2,1,0,1,0,18,0,1,0,3,0,1,4002,2055,1947,1693,0.423,1988,0.4969,1096,0.2738,709,0.1773,456,0.114,1554,0.3883,3947,0.9862,647,0.1617,1045,0.261,554,0.1384,513,0.1281,411,0.1028,429,0.1072,671,0.1677,596,0.1488,249,0.0623,335,0.0837,151,0.0377,588,0.1469,535,0.1338,728,0.1819,223,0.0556,1554,0.3883,815,0.2036,1031,0.2575,597,0.1492,1636,0.4088,983,0.2456,573,0.1431,177,139,208,381,965,2132,880.0,354.0,596.0,1781.0,0.3346
28710380,양사면,강화군,58,1,4,0,0,0,0,0,6,0,0,0,0,0,0,0,0,0,0,0,0,0,0,4,0,0,0,0,0,0,1910,962,948,823,0.4309,982,0.5139,538,0.2819,333,0.1746,190,0.0993,759,0.3974,1930,1.0106,284,0.1489,513,0.2684,226,0.1185,202,0.1055,178,0.0933,181,0.0948,288,0.1508,238,0.1246,101,0.0527,135,0.0707,78,0.0408,275,0.1442,211,0.1103,322,0.1686,100,0.0521,759,0.3974,358,0.1873,516,0.2701,260,0.1362,789,0.4131,497,0.2602,254,0.1328,92,64,79,179,501,995,477.0,219.0,308.0,876.0,0.3516
28710390,송해면,강화군,118,4,2,0,1,0,0,0,8,1,0,0,0,0,0,0,0,0,1,0,0,0,0,11,0,0,0,1,0,1,3173,1603,1570,1433,0.4516,1639,0.5166,956,0.3012,571,0.18,387,0.1219,1313,0.4138,3098,0.9763,523,0.1648,913,0.2879,470,0.1481,421,0.1327,348,0.1096,354,0.1116,536,0.1689,492,0.1551,186,0.0585,271,0.0854,154,0.0485,490,0.1544,433,0.1364,601,0.1894,188,0.0594,1313,0.4138,676,0.2129,916,0.2888,488,0.1536,1368,0.4311,874,0.2754,468,0.1475,172,120,161,320,832,1568,760.0,286.0,448.0,1425.0,0.3144
28710400,교동면,강화군,212,1,12,3,0,0,0,1,20,5,4,0,0,0,2,3,0,0,0,0,1,0,0,30,0,0,3,4,0,0,2612,1350,1262,1086,0.4158,1274,0.4877,638,0.2441,334,0.1279,230,0.0881,984,0.3767,2671,1.0224,348,0.1334,602,0.2306,309,0.1183,273,0.1044,215,0.0823,244,0.0936,366,0.1401,308,0.1181,147,0.0561,199,0.0762,93,0.0356,304,0.1165,310,0.1186,420,0.1608,131,0.0503,984,0.3767,443,0.1696,637,0.2439,327,0.1251,1032,0.3951,591,0.2263,300,0.115,65,102,107,211,666,1461,781.0,319.0,472.0,1263.0,0.3737
28710410,삼산면,강화군,297,7,11,1,0,0,0,0,24,0,1,0,0,2,1,0,0,0,0,0,1,3,0,39,0,0,1,1,1,0,1955,1047,908,832,0.4256,1009,0.5162,496,0.2538,260,0.1331,163,0.0834,756,0.3867,1998,1.022,259,0.1326,482,0.2463,227,0.116,198,0.1013,166,0.0851,173,0.0885,277,0.1417,228,0.1166,112,0.0575,139,0.0711,74,0.0379,215,0.1098,255,0.1305,322,0.1647,106,0.054,756,0.3867,360,0.1842,526,0.2688,254,0.1299,787,0.4026,480,0.2455,230,0.1176,58,76,69,177,510,1065,800.0,420.0,405.0,974.0,0.4158
28710420,서도면,강화군,33,0,1,0,0,0,0,0,1,0,0,0,0,0,1,0,0,0,0,0,0,0,0,6,0,0,0,0,0,0,346,183,163,143,0.4133,161,0.4653,84,0.2428,50,0.1457,42,0.1211,130,0.3757,350,1.011,48,0.1387,78,0.2266,38,0.1087,41,0.1191,26,0.0763,30,0.0879,48,0.1387,44,0.1272,18,0.0514,26,0.0751,13,0.0376,48,0.1387,40,0.1146,55,0.159,17,0.0503,130,0.3757,61,0.1769,82,0.2376,42,0.122,136,0.3931,77,0.2225,42,0.1202,9,13,15,27,88,194,115.0,47.0,172.0,350.0,0.4914
28720310,북도면,옹진군,170,3,11,0,0,0,0,0,12,0,1,0,0,0,0,0,0,0,0,0,0,0,0,32,0,0,0,2,0,0,1133,602,531,544,0.4801,621,0.5478,350,0.3089,218,0.1928,131,0.1156,489,0.4316,1123,0.9908,214,0.1885,327,0.2886,174,0.1538,152,0.1342,127,0.1124,136,0.12,222,0.1959,172,0.1523,81,0.0717,112,0.0989,49,0.0432,193,0.17,176,0.1556,247,0.218,70,0.062,489,0.4316,265,0.2341,335,0.296,196,0.1732,519,0.4581,315,0.278,184,0.162,30,55,60,132,297,559,585.0,270.0,421.0,945.0,0.4455
28720330,백령면,옹진군,378,5,15,11,1,2,1,1,9,4,5,0,1,3,13,2,5,0,3,0,2,5,0,44,2,13,9,2,1,2,4428,2605,1823,2831,0.6393,2216,0.5005,1977,0.4464,1150,0.2598,928,0.2095,2342,0.5289,3296,0.7444,1589,0.3588,1754,0.396,1548,0.3496,1346,0.3039,1145,0.2586,1327,0.2996,1723,0.3891,1551,0.3503,910,0.2055,1156,0.2611,262,0.0592,1253,0.283,1406,0.3176,1865,0.4212,592,0.1336,2342,0.5289,1692,0.3822,1714,0.387,1428,0.3226,2689,0.6073,1536,0.3469,1271,0.2871,269,489,697,679,966,1328,1452.0,545.0,1245.0,2364.0,0.5266
28720340,대청면,옹진군,88,2,7,2,0,0,0,0,2,0,0,0,0,1,2,0,0,0,0,0,0,1,0,14,1,0,1,1,0,0,1113,645,468,647,0.5813,569,0.5112,425,0.3817,238,0.2138,179,0.1606,564,0.5067,982,0.8825,307,0.2757,394,0.3536,272,0.2446,254,0.2286,211,0.1894,236,0.2119,333,0.2992,291,0.2615,166,0.149,204,0.1833,53,0.0476,241,0.2168,284,0.255,364,0.327,102,0.0916,564,0.5067,364,0.327,412,0.3702,293,0.2633,616,0.5535,360,0.3235,257,0.2307,38,83,129,152,283,428,401.0,152.0,414.0,780.0,0.5308
28720350,덕적면,옹진군,127,1,16,2,0,0,0,0,5,0,2,0,0,0,1,0,0,0,0,0,0,2,0,25,0,0,1,1,0,0,1827,1024,803,828,0.4532,905,0.4955,489,0.2678,264,0.1443,173,0.0945,736,0.4028,1836,1.0049,270,0.1476,447,0.2449,247,0.1354,220,0.1202,195,0.1066,217,0.1186,285,0.156,250,0.1371,143,0.0781,186,0.1018,54,0.0296,231,0.1265,258,0.1413,311,0.1702,121,0.066,736,0.4028,334,0.1827,470,0.257,224,0.1224,802,0.439,428,0.2343,210,0.1147,44,92,98,121,517,955,517.0,210.0,456.0,978.0,0.4663
28720360,영흥면,옹진군,792,21,28,9,0,0,3,3,38,2,5,0,0,2,13,2,4,0,6,0,5,6,0,54,3,4,5,7,0,0,6421,3597,2824,3761,0.5857,3762,0.5859,2533,0.3945,1512,0.2355,919,0.1432,3368,0.5245,5945,0.9258,1552,0.2418,2411,0.3754,1368,0.213,1181,0.184,999,0.1556,1103,0.1718,1646,0.2563,1389,0.2163,680,0.1058,853,0.1328,404,0.0629,1318,0.2053,1373,0.2138,1844,0.2872,560,0.0873,3368,0.5245,1980,0.3084,2536,0.3949,1495,0.2328,3563,0.5549,2329,0.3627,1364,0.2124,333,393,513,938,1917,2327,3755.0,1133.0,1495.0,3197.0,0.4676
28720370,자월면,옹진군,142,1,10,0,0,0,0,0,5,0,1,0,0,0,0,0,0,0,0,0,1,0,0,22,0,0,0,1,0,0,932,499,433,454,0.4871,512,0.5498,293,0.3142,162,0.1738,93,0.1003,433,0.4646,950,1.0191,138,0.1481,289,0.3104,114,0.1222,104,0.1116,69,0.0736,89,0.0955,144,0.1545,114,0.1218,51,0.0549,79,0.0848,19,0.0204,123,0.132,126,0.1347,156,0.1674,25,0.0264,433,0.4646,198,0.2124,294,0.3157,138,0.1482,442,0.4742,277,0.2972,129,0.1382,24,21,62,73,298,454,475.0,217.0,306.0,681.0,0.4493
28720380,연평면,옹진군,109,3,7,2,0,0,0,0,6,2,2,0,0,1,2,3,0,0,0,0,1,3,0,19,1,2,4,2,0,1,1877,1200,677,1303,0.6942,990,0.5274,889,0.4734,459,0.2448,355,0.1891,1063,0.5663,1390,0.7406,723,0.3851,776,0.4132,684,0.3645,614,0.3271,495,0.2638,615,0.3275,808,0.4305,710,0.378,461,0.2457,557,0.2968,73,0.0389,510,0.2716,710,0.3781,849,0.4523,286,0.1522,1063,0.5663,763,0.4063,796,0.4241,639,0.3406,1262,0.6723,696,0.3708,548,0.2922,75,240,321,288,454,499,425.0,176.0,456.0,938.0,0.4861
