상권,기준,원개수,임대료,반경점포수,반경거주인구,반경종사자,활동인구,점포_원당,활동인구_원당,임대료/점포천개,임대료/활동인구만명
부평,부평역 500m,1,35.4,3591,57351.46385928887,21354.62445593864,78706.0883152275,3591.0,78706.0883152275,9.85797827903091,4.4977460775612
구월,인천시청역 + 예술회관역 각 500m 합집합,2,20.1,2517,24156.07997667508,22819.305837166303,46975.38581384138,1258.5,23487.69290692069,15.97139451728248,8.557673194917115
주안,주안역 500m,1,17.6,1997,26653.7363562562,15340.284486674984,41994.02084293118,1997.0,41994.02084293118,8.813219829744618,4.191072835304027
신포동,신포역 500m,1,17.9,1000,4142.282844109848,9078.412319902094,13220.695164011942,1000.0,13220.695164011942,17.9,13.53937881324546
간석오거리,간석오거리역 500m,1,19.0,1192,26592.653074743223,7825.3389106580125,34417.99198540124,1192.0,34417.99198540124,15.939597315436242,5.520368535171678
계양계산,계산역 500m,1,24.3,1217,24593.362884638093,9837.945641280285,34431.30852591837,1217.0,34431.30852591837,19.9671322925226,7.05753020734255
석남/가정중앙시장,석남역 + 가정중앙시장역 각 500m 합집합,2,17.0,1776,42568.72267582496,13011.70278331235,55580.42545913731,888.0,27790.21272956865,19.144144144144143,6.117261557307938
검단사거리완정역,검단사거리역 + 완정역 각 500m 합집합,2,23.7,2254,67507.1248714159,25460.3044750348,92967.42934645068,1127.0,46483.71467322535,21.029281277728483,5.098559821780168
인천서구청,서구청역 500m,1,17.7,1098,22353.563986409965,11926.294450736126,34279.85843714609,1098.0,34279.85843714609,16.120218579234972,5.163381882820162
