그룹,업종,코드,진입장벽,인허가,필요_면허,학교주변_규제,개업전_교육,창업비용_참고_만원,근거,부평역_순위,부평역_종합
A,편의점,G20405,낮음,자유업(사업자등록),-,-,-,"11,800 (편의점)","담배 판매 시 담배사업법 제16조 소매인 지정(구청, 영업소 간 거리 제한)",14,66.7
A,슈퍼마켓,G20404,낮음,자유업(사업자등록),-,-,-,미확인,담배 판매 시 담배사업법 제16조 소매인 지정,12,69.1
A,미용실,S20701,높음,신고,미용사(일반),-,위생교육 3시간,"12,100 (이미용)",공중위생관리법 제3조 미용업(일반) 신고,7,73.9
A,피부 관리실,S20702,높음,신고,미용사(피부),-,위생교육 3시간,미확인,공중위생관리법 제3조 미용업(피부) 신고,25,59.6
A,네일숍,S20703,높음,신고,미용사(네일),-,위생교육 3시간,미확인,공중위생관리법 제3조 미용업(네일) 신고,23,59.9
A,세탁소,S20901,낮음,신고,-,-,위생교육 3시간,미확인,공중위생관리법 제3조 세탁업 신고,2,78.7
A,약국,G21501,높음,등록,약사 또는 한약사,-,-,미확인,약사법 제20조 약국 개설등록(약사·한약사만),24,59.7
B,카페,I21201,낮음,신고,-,-,위생교육 6시간,"14,200 (커피)",식품위생법 시행령 제25조 휴게음식점 신고,20,61.7
B,빵/도넛,I21001,낮음,신고,-,-,위생교육 6시간,"26,300 (제빵)",식품위생법 시행령 제25조 제과점영업(직접 제조) 또는 휴게음식점 신고,17,63.1
B,김밥/만두/분식,I21007,낮음,신고,-,-,위생교육 6시간,"11,900 (분식)",식품위생법 시행령 제25조 휴게음식점(분식점 형태) 또는 일반음식점 신고,18,62.9
B,토스트/샌드위치/샐러드,I21005,낮음,신고,-,-,위생교육 6시간,미확인,식품위생법 시행령 제25조 휴게음식점 신고,19,61.9
B,아이스크림/빙수,I21008,낮음,신고,-,-,위생교육 6시간,미확인,식품위생법 시행령 제25조 휴게음식점 신고,9,71.5
B,버거,I21004,낮음,신고,-,-,위생교육 6시간,"16,200 (피자·버거)",식품위생법 시행령 제25조 휴게음식점(패스트푸드점 형태) 신고,13,68.9
B,치킨,I21006,낮음,신고,-,-,위생교육 6시간,"10,400 (치킨)",식품위생법 시행령 제25조 일반음식점(주류 판매 시) 또는 휴게음식점 신고,6,74.0
B,피자,I21003,낮음,신고,-,-,위생교육 6시간,"16,200 (피자·버거)",식품위생법 시행령 제25조 휴게음식점 또는 일반음식점 신고,11,69.6
C,PC방,R10406,중간,등록,-,O,-,미확인,게임산업법 제26조 인터넷컴퓨터게임시설제공업 등록(구청),16,64.1
C,독서실/스터디 카페,R10202,중간,등록,-,-,-,미확인,학원법 제2조·제6조 독서실(30일 이상 학습장소)은 교육감 등록. 시간제·간식 판매형 스터디카페는 등록 대상이 아닐 수 있음(대법원 2023.2),1,78.9
C,입시·교과학원,P10501,중간,등록,-,-,-,미확인,"학원법 제6조 학원 설립·운영 등록(교육감), 제13조 강사 자격. 1인 교습은 교습소 신고로 가능",4,75.1
C,요가/필라테스 학원,P10603,낮음,자유업(사업자등록),-,-,-,미확인,체육시설법 제10조 신고 체육시설업 목록에 요가·필라테스 없음,5,74.2
C,당구장,R10310,낮음,신고,-,-,-,미확인,체육시설법 제10조 당구장업(신고 체육시설업),3,76.2
C,노래방,R10407,중간,등록,-,O,노래연습장업 신규 교육,미확인,"음악산업법 제18조 노래연습장업 등록(구청), 신규 등록 시 교육",8,72.6
C,전자 게임장,R10404,중간,등록,-,O,-,미확인,게임산업법 제26조 청소년게임제공업 등록. 성인용(일반게임제공업)은 허가로 장벽 높음,28,56.6
D,백반/한정식,I20101,낮음,신고,-,-,위생교육 6시간,"15,600 (한식)",식품위생법 시행령 제25조 일반음식점 신고,15,64.4
D,생맥주 전문,I21103,낮음,신고,-,-,위생교육 6시간,미확인,식품위생법 시행령 제25조 일반음식점 신고(노래 허용 시 단란주점 허가),10,70.8
D,일반 유흥 주점,I21101,높음,허가,-,O,위생교육 6시간,미확인,식품위생법 시행령 제23조 유흥주점영업 허가(구청),26,59.0
D,요리 주점,I21104,낮음,신고,-,-,위생교육 6시간,미확인,식품위생법 시행령 제25조 일반음식점 신고(노래 허용 시 단란주점 허가),21,61.3
D,중국집,I20201,낮음,신고,-,-,위생교육 6시간,미확인,식품위생법 시행령 제25조 일반음식점 신고,22,60.7
D,일식 회/초밥,I20301,낮음,신고,-,-,위생교육 6시간,미확인,식품위생법 시행령 제25조 일반음식점 신고,29,53.6
D,양식,I20401,낮음,신고,-,-,위생교육 6시간,미확인,식품위생법 시행령 제25조 일반음식점 신고,27,59.0
