시군구,총인허가,영업중,종료,생존율_1년,표본_1년,생존율_3년,표본_3년,생존율_5년,표본_5년,평균업력_년,최근3년_폐업률
강화군,44,9,35,0.8,25,0.4762,21,0.2667,15,4.75,0.1026
검단구,198,48,150,0.8137,102,0.5333,90,0.3766,77,3.35,0.0847
계양구,493,77,416,0.724,192,0.4046,173,0.2797,143,3.67,0.0817
남동구,909,181,728,0.7864,440,0.4789,380,0.3272,324,3.57,0.0896
미추홀구,842,177,665,0.8268,358,0.5541,296,0.4204,245,3.97,0.0677
부평구,760,146,614,0.8063,284,0.523,239,0.3707,205,4.27,0.0497
서해구,625,179,446,0.8349,315,0.5906,254,0.4198,212,3.56,0.0814
연수구,441,77,364,0.7874,174,0.4706,153,0.3684,133,3.71,0.0594
영종구,145,59,86,0.8095,105,0.5122,82,0.3191,47,2.87,0.1111
옹진군,39,19,20,0.6774,31,0.5769,26,0.4,5,2.66,0.1613
제물포구,205,41,164,0.7432,74,0.4923,65,0.4,55,4.25,0.037
__인천전체__,4701,1013,3688,0.7971,2100,0.5115,1779,0.3662,1461,3.77,0.0729
