업종코드,시군구,총인허가,영업중,종료,생존율_1년,표본_1년,생존율_3년,표본_3년,생존율_5년,표본_5년,평균업력_년,최근3년_폐업률
I20101,강화군,2382,884,1498,0.6906,918,0.5858,804,0.4908,654,11.07,0.0505
I20101,검단구,2210,795,1415,0.8987,1046,0.6806,811,0.5407,577,5.98,0.105
I20101,계양구,3287,949,2338,0.8632,987,0.6535,834,0.5565,708,9.45,0.0667
I20101,남동구,6571,1816,4755,0.8773,2355,0.635,2085,0.5121,1863,9.37,0.0785
I20101,미추홀구,7977,1872,6105,0.8607,1996,0.664,1607,0.5267,1293,10.05,0.062
I20101,부평구,6956,1763,5193,0.9298,1581,0.7032,1297,0.5773,1048,9.76,0.0559
I20101,서해구,5427,1509,3918,0.9062,2303,0.6605,1888,0.5334,1421,6.22,0.0965
I20101,연수구,3841,1197,2644,0.8367,1690,0.6292,1351,0.4986,1071,6.74,0.0936
I20101,영종구,1868,754,1114,0.915,1188,0.696,885,0.5485,660,5.25,0.1457
I20101,옹진군,733,274,459,0.9123,228,0.803,203,0.6989,176,10.92,0.0882
I20101,제물포구,2958,707,2251,0.8458,506,0.6878,410,0.6062,320,12.46,0.0468
I20101,__인천전체__,44210,12520,31690,0.872,14798,0.6595,12175,0.535,9791,8.93,0.0744
I20201,강화군,81,45,36,0.9667,30,0.9,20,0.7647,17,12.06,0.0448
I20201,검단구,186,87,99,0.9434,106,0.8108,74,0.5952,42,5.85,0.1739
I20201,계양구,325,95,230,0.9125,80,0.7534,73,0.6545,55,12.39,0.0673
I20201,남동구,640,242,398,0.9306,245,0.796,201,0.6519,135,11.12,0.1096
I20201,미추홀구,558,216,342,0.9,190,0.7733,150,0.6731,104,13.0,0.1258
I20201,부평구,676,293,383,0.9467,244,0.7839,199,0.6853,143,11.51,0.0824
I20201,서해구,435,169,266,0.9476,210,0.7403,181,0.5854,123,8.81,0.1418
I20201,연수구,457,173,284,0.8853,218,0.6927,179,0.547,117,7.27,0.1196
I20201,영종구,178,100,78,0.9291,127,0.7872,94,0.7794,68,5.43,0.203
I20201,옹진군,31,14,17,1.0,6,0.8333,6,1.0,5,12.72,0.0645
I20201,제물포구,261,102,159,0.9286,70,0.7031,64,0.566,53,16.23,0.0549
I20201,__인천전체__,3828,1536,2292,0.926,1526,0.7631,1241,0.6427,862,10.71,0.1085
I20301,강화군,292,163,129,0.8679,53,0.6444,45,0.6316,38,15.18,0.0393
I20301,검단구,184,87,97,0.9292,113,0.6977,86,0.6364,44,4.73,0.2302
I20301,계양구,324,106,218,0.9341,91,0.7195,82,0.6452,62,8.58,0.0581
I20301,남동구,592,212,380,0.9267,273,0.6864,220,0.5778,180,9.04,0.1064
I20301,미추홀구,505,192,313,0.9399,233,0.733,176,0.5786,140,7.85,0.0928
I20301,부평구,594,217,377,0.8664,247,0.6615,195,0.5686,153,8.14,0.0737
I20301,서해구,524,176,348,0.9401,317,0.703,266,0.5102,196,5.77,0.1814
I20301,연수구,625,256,369,0.8763,388,0.6333,300,0.491,222,5.91,0.1414
I20301,영종구,381,171,210,0.9167,228,0.7865,192,0.6515,132,6.44,0.1636
I20301,옹진군,165,69,96,0.98,50,0.898,49,0.8636,44,10.69,0.1925
I20301,제물포구,426,133,293,0.9091,66,0.7213,61,0.4565,46,16.39,0.0455
I20301,__인천전체__,4612,1782,2830,0.9121,2059,0.7016,1672,0.5712,1257,8.71,0.1109
I20401,강화군,110,45,65,0.9057,53,0.75,52,0.6765,34,8.59,0.0926
I20401,검단구,104,48,56,0.9531,64,0.717,53,0.619,42,4.94,0.1111
I20401,계양구,146,36,110,0.8333,72,0.5345,58,0.4286,42,6.85,0.1385
I20401,남동구,357,90,267,0.9068,161,0.6736,144,0.4833,120,7.45,0.1485
I20401,미추홀구,273,76,197,0.9248,133,0.6296,108,0.5342,73,8.52,0.1125
I20401,부평구,338,109,229,0.8994,159,0.6691,136,0.5804,112,7.93,0.0924
I20401,서해구,328,105,223,0.908,250,0.6528,216,0.4419,172,4.85,0.2086
I20401,연수구,701,245,456,0.8605,466,0.6703,364,0.4787,282,4.82,0.153
I20401,영종구,159,53,106,0.9451,91,0.7564,78,0.5714,63,5.99,0.1544
I20401,옹진군,15,5,10,1.0,5,0.75,4,0.75,4,8.8,0.1429
I20401,제물포구,230,34,196,0.8857,35,0.7742,31,0.6667,24,11.88,0.0491
I20401,__인천전체__,2761,846,1915,0.8939,1489,0.6712,1244,0.5114,968,6.85,0.1326
I21001,강화군,52,14,38,0.7917,24,0.6111,18,0.6154,13,5.38,0.175
I21001,검단구,69,17,52,0.7826,23,0.4286,14,0.5556,9,3.11,0.0556
I21001,계양구,161,20,141,0.8966,29,0.7,20,0.4615,13,8.52,0.0403
I21001,남동구,242,30,212,0.7935,92,0.525,80,0.3333,66,4.99,0.0848
I21001,미추홀구,279,31,248,0.6125,80,0.4386,57,0.3488,43,6.07,0.0373
I21001,부평구,92,23,69,0.7273,44,0.4167,36,0.3214,28,5.6,0.061
I21001,서해구,105,30,75,0.9231,52,0.6316,38,0.3462,26,4.3,0.0723
I21001,연수구,188,40,148,0.6765,102,0.3766,77,0.2,55,2.98,0.0963
I21001,영종구,68,20,48,0.7,50,0.4595,37,0.44,25,2.97,0.18
I21001,옹진군,6,4,2,1.0,5,0.75,4,1.0,2,7.56,0.4
I21001,제물포구,78,23,55,0.9286,28,0.7368,19,0.625,8,6.18,0.0735
I21001,__인천전체__,1340,252,1088,0.7561,529,0.5,400,0.3576,288,5.24,0.0743
I21003,강화군,29,13,16,1.0,9,0.8889,9,0.875,8,9.23,0.0714
I21003,검단구,98,45,53,0.9574,47,0.8056,36,0.6,20,5.2,0.1
I21003,계양구,218,50,168,0.9492,59,0.7818,55,0.6304,46,7.0,0.0766
I21003,남동구,349,84,265,0.938,129,0.6636,107,0.6092,87,6.52,0.1215
I21003,미추홀구,274,77,197,0.8824,102,0.6456,79,0.4483,58,7.33,0.1083
I21003,부평구,300,74,226,0.9136,81,0.7571,70,0.5517,58,7.25,0.0528
I21003,서해구,253,81,172,0.87,100,0.6835,79,0.6275,51,6.22,0.1345
I21003,연수구,262,84,178,0.8487,119,0.6186,97,0.4605,76,5.48,0.1126
I21003,영종구,79,38,41,0.9643,56,0.6977,43,0.6,35,4.52,0.1897
I21003,옹진군,21,8,13,0.8462,13,0.9,10,0.75,8,8.14,0.2941
I21003,제물포구,59,16,43,0.9375,16,0.6429,14,0.5455,11,7.77,0.0714
I21003,__인천전체__,1942,570,1372,0.907,731,0.6962,599,0.5655,458,6.57,0.1041
I21004,강화군,47,25,22,0.8696,23,0.7895,19,0.6364,11,6.68,0.0286
I21004,검단구,109,46,63,0.9062,64,0.6667,51,0.4706,34,4.85,0.1011
I21004,계양구,163,39,124,0.96,50,0.7209,43,0.525,40,6.5,0.0592
I21004,남동구,261,77,184,0.9646,113,0.6961,102,0.6163,86,6.98,0.0732
I21004,미추홀구,241,64,177,0.8605,86,0.7027,74,0.5593,59,7.94,0.1022
I21004,부평구,249,76,173,0.8125,80,0.56,75,0.4444,63,8.16,0.0678
I21004,서해구,187,63,124,0.8476,105,0.5795,88,0.4746,59,6.05,0.122
I21004,연수구,233,78,155,0.7431,144,0.5079,126,0.42,100,4.96,0.08
I21004,영종구,91,35,56,0.9333,60,0.8571,42,0.6765,34,5.4,0.2286
I21004,옹진군,9,6,3,1.0,5,0.75,4,1.0,3,7.68,0.5
I21004,제물포구,78,18,60,0.9394,33,0.6538,26,0.3043,23,6.95,0.0857
I21004,__인천전체__,1668,527,1141,0.8676,763,0.64,650,0.5098,512,6.63,0.0918
I21005,강화군,6,3,3,0.8,5,1.0,3,1.0,2,3.27,0.3333
I21005,검단구,19,11,8,0.9167,12,0.5,8,0.5,2,3.71,0.1667
I21005,계양구,44,12,32,0.8667,15,0.4615,13,0.5556,9,6.79,0.0976
I21005,남동구,71,21,50,0.8333,42,0.5128,39,0.4615,26,5.35,0.1194
I21005,미추홀구,75,22,53,0.8056,36,0.4483,29,0.3125,16,5.0,0.1613
I21005,부평구,82,26,56,0.9211,38,0.6176,34,0.4091,22,6.03,0.2027
I21005,서해구,46,13,33,0.8966,29,0.5417,24,0.5,14,4.6,0.2
I21005,연수구,63,20,43,0.8864,44,0.5789,38,0.3478,23,3.84,0.2308
I21005,영종구,28,10,18,0.7727,22,0.5556,18,0.5833,12,3.5,0.381
I21005,옹진군,1,0,1,0.0,1,0.0,1,0.0,1,0.76,0.0
I21005,제물포구,20,5,15,0.8,10,0.625,8,0.3333,6,4.77,0.125
I21005,__인천전체__,455,143,312,0.8543,254,0.5442,215,0.4361,133,5.02,0.1799
I21006,강화군,104,42,62,1.0,28,0.8636,22,0.7,20,12.38,0.0729
I21006,검단구,326,101,225,0.9478,115,0.6875,96,0.4857,70,7.01,0.0707
I21006,계양구,686,156,530,0.915,153,0.6641,131,0.5217,115,9.55,0.067
I21006,남동구,1105,266,839,0.8925,335,0.6343,309,0.4604,278,8.59,0.0548
I21006,미추홀구,1086,259,827,0.9031,258,0.7294,218,0.6054,185,9.9,0.0599
I21006,부평구,1093,233,860,0.8667,255,0.659,217,0.4734,188,9.77,0.0539
I21006,서해구,868,189,679,0.9386,277,0.6307,241,0.4612,206,7.83,0.0931
I21006,연수구,752,178,574,0.8163,283,0.5605,248,0.446,213,7.07,0.0629
I21006,영종구,159,54,105,0.8942,104,0.6977,86,0.4928,69,5.26,0.1324
I21006,옹진군,53,18,35,0.913,23,0.7,20,0.5625,16,7.14,0.1667
I21006,제물포구,321,68,253,0.8375,80,0.7059,68,0.5263,57,9.6,0.0724
I21006,__인천전체__,6553,1564,4989,0.8906,1911,0.654,1656,0.494,1417,8.77,0.0673
I21007,강화군,136,53,83,0.7561,41,0.6452,31,0.5263,19,10.77,0.0484
I21007,검단구,338,122,216,0.8901,182,0.6733,150,0.5225,111,6.07,0.1224
I21007,계양구,678,142,536,0.8152,184,0.5361,166,0.4414,145,8.01,0.0584
I21007,남동구,1367,283,1084,0.8918,425,0.6354,362,0.4683,331,7.45,0.0674
I21007,미추홀구,1259,346,913,0.8837,473,0.6303,403,0.5516,339,8.81,0.0887
I21007,부평구,1215,245,970,0.8944,322,0.6655,290,0.473,241,8.13,0.064
I21007,서해구,986,248,738,0.8899,427,0.5924,368,0.4032,315,6.45,0.1
I21007,연수구,835,192,643,0.8117,377,0.5342,307,0.42,250,5.65,0.1032
I21007,영종구,220,84,136,0.8848,165,0.6644,146,0.4818,110,5.44,0.2021
I21007,옹진군,57,17,40,0.8095,21,0.5263,19,0.2308,13,9.7,0.0741
I21007,제물포구,473,102,371,0.8713,101,0.6632,95,0.593,86,10.63,0.0476
I21007,__인천전체__,7564,1834,5730,0.8701,2718,0.6157,2337,0.473,1960,7.66,0.0819
I21008,강화군,2,1,1,1.0,2,0.0,1,,0,2.11,1.0
I21008,검단구,26,20,6,1.0,22,0.6667,12,0.8,5,5.53,0.2
I21008,계양구,29,12,17,0.7273,11,0.6364,11,0.4,10,8.26,0.037
I21008,남동구,60,35,25,0.9231,39,0.6923,26,0.55,20,7.98,0.1277
I21008,미추홀구,61,30,31,0.725,40,0.5909,22,0.7143,14,6.05,0.0526
I21008,부평구,63,34,29,0.8684,38,0.7917,24,0.6667,18,7.48,0.1064
I21008,서해구,48,29,19,0.8372,43,0.7778,27,0.9231,13,4.79,0.2759
I21008,연수구,112,40,72,0.5955,89,0.4407,59,0.3636,44,2.87,0.0548
I21008,영종구,33,13,20,0.96,25,0.7778,18,0.6154,13,4.32,0.2174
I21008,옹진군,1,0,1,0.0,1,0.0,1,0.0,1,0.2,0.0
I21008,제물포구,23,11,12,0.9286,14,0.8,10,0.7778,9,9.39,0.1111
I21008,__인천전체__,458,225,233,0.7901,324,0.6351,211,0.5714,147,5.71,0.116
I21103,강화군,119,29,90,0.8478,46,0.7,40,0.4857,35,9.48,0.0636
I21103,검단구,367,127,240,0.9514,185,0.7051,156,0.5566,106,6.34,0.1223
I21103,계양구,1196,246,950,0.9273,275,0.7132,258,0.5513,234,9.35,0.0521
I21103,남동구,2206,416,1790,0.9259,499,0.6996,466,0.5392,421,9.96,0.0574
I21103,미추홀구,1294,344,950,0.9084,382,0.7587,344,0.5854,316,10.4,0.0697
I21103,부평구,2342,402,1940,0.9216,408,0.7065,368,0.5892,297,9.83,0.0481
I21103,서해구,1640,366,1274,0.888,491,0.6112,445,0.4921,382,8.68,0.0721
I21103,연수구,910,229,681,0.7393,445,0.5281,392,0.4159,339,6.48,0.085
I21103,영종구,274,91,183,0.9162,191,0.6506,166,0.5294,119,5.17,0.1901
I21103,옹진군,56,19,37,0.8846,26,0.7083,24,0.619,21,8.71,0.1481
I21103,제물포구,637,123,514,0.9368,95,0.7529,85,0.6282,78,9.79,0.0368
I21103,__인천전체__,11041,2392,8649,0.8896,3043,0.6695,2744,0.5307,2348,9.18,0.0649
I21104,강화군,14,5,9,0.9091,11,0.7,10,0.625,8,7.48,0.2308
I21104,검단구,89,28,61,0.9815,54,0.6383,47,0.439,41,5.59,0.175
I21104,계양구,204,75,129,0.9394,99,0.6702,94,0.5875,80,8.56,0.1134
I21104,남동구,770,260,510,0.9236,288,0.716,257,0.5083,240,8.91,0.0797
I21104,미추홀구,387,134,253,0.9305,187,0.6824,170,0.5472,159,8.86,0.1056
I21104,부평구,722,288,434,0.9014,284,0.6886,228,0.559,195,8.69,0.087
I21104,서해구,576,168,408,0.9083,229,0.6404,203,0.4885,174,7.14,0.1107
I21104,연수구,429,167,262,0.9151,259,0.6505,206,0.5118,170,6.4,0.1429
I21104,영종구,123,42,81,0.9684,95,0.6552,87,0.3714,70,5.22,0.2294
I21104,옹진군,12,6,6,1.0,12,0.75,12,0.5556,9,5.36,0.1667
I21104,제물포구,242,80,162,0.9459,74,0.7424,66,0.5738,61,12.51,0.0746
I21104,__인천전체__,3568,1253,2315,0.924,1592,0.6783,1380,0.5186,1207,8.27,0.1061
I21201,강화군,381,208,173,0.9175,315,0.7276,279,0.6262,206,5.19,0.1292
I21201,검단구,490,240,250,0.9214,407,0.635,326,0.4753,223,4.05,0.1845
I21201,계양구,824,333,491,0.9118,601,0.7231,520,0.5647,448,5.46,0.1327
I21201,남동구,1667,592,1075,0.8927,1324,0.6497,1182,0.4898,1029,4.94,0.1646
I21201,미추홀구,1211,479,732,0.8828,990,0.6589,853,0.503,660,4.6,0.1814
I21201,부평구,1500,554,946,0.91,1155,0.6735,1017,0.5205,803,4.92,0.1646
I21201,서해구,1391,543,848,0.9018,1212,0.6189,1060,0.4565,828,4.16,0.2084
I21201,연수구,1693,602,1091,0.7865,1396,0.5407,1193,0.3901,905,3.66,0.1691
I21201,영종구,595,244,351,0.9174,472,0.6525,400,0.4826,288,4.18,0.2383
I21201,옹진군,94,52,42,0.8551,69,0.7541,61,0.6444,45,5.74,0.0843
I21201,제물포구,480,223,257,0.9091,363,0.7321,321,0.6185,249,6.13,0.1587
I21201,__인천전체__,10326,4070,6256,0.8829,8304,0.6439,7212,0.4917,5684,4.61,0.1731
