시군구코드,기준연월,일평균_유입,관측일수,h00,h01,h02,h03,h04,h05,h06,h07,h08,h09,h10,h11,h12,h13,h14,h15,h16,h17,h18,h19,h20,h21,h22,h23,목적_출근,목적비중_출근,목적_등교,목적비중_등교,목적_귀가,목적비중_귀가,목적_쇼핑,목적비중_쇼핑,목적_관광,목적비중_관광,목적_병원,목적비중_병원,목적_기타,목적비중_기타,M00,M10,M20,M30,M40,M50,M60,M70,F00,F10,F20,F30,F40,F50,F60,F70,work_ratio
28125,202608,223102.8658064516,31,518.3103225806451,1744.2732258064514,1746.9454838709676,1641.9687096774194,2024.750322580645,3253.788709677418,8757.006774193555,16046.60548387097,16748.718064516128,12295.485161290326,12815.630322580648,14067.306129032264,15125.795806451615,14637.641612903226,13569.32129032258,12963.240967741936,13278.730645161282,14179.12419354838,13534.257741935488,10866.841612903214,8839.235806451612,6980.100322580647,5624.477096774194,1843.31,33600.06806451615,0.1506034803410603,3176.437096774192,0.0142375450234236,58386.30290322586,0.2617012681221124,0.0,0.0,1543.2164516129037,0.0069170624323207,2440.569677419358,0.0109392125851786,123956.27161290337,0.5556014314959052,887.9354838709675,6468.650967741923,11014.529999999952,17875.08387096771,21597.13193548379,28418.80451612909,26900.631290322613,14117.754516129024,1174.1248387096734,6080.957741935485,9224.336774193567,12693.230967741967,14994.292903225763,19238.524838709684,19085.00225806454,13331.872903225743,0.36527224317066603
28155,202608,424145.8241935484,31,961.3864516129036,3253.056129032259,3060.3548387096785,3402.248064516128,5648.044838709675,11028.815483870962,19984.79580645162,22797.94612903224,27774.805161290333,20714.60967741934,21086.26387096775,26025.181612903223,28905.89322580645,27426.229354838717,25459.841612903223,25385.223870967748,25766.619354838716,26718.365161290323,27184.51741935483,22339.13000000002,18116.22967741936,15217.770000000004,12059.447741935484,3829.048709677418,40212.60677419355,0.0948084467191253,3257.0616129032232,0.0076791080499166,96806.2677419354,0.2282381723927105,0.0,0.0,0.0,0.0,0.0,0.0,283869.8880645163,0.6692742728382475,2528.223870967745,15432.171290322538,32081.43935483877,44827.81451612906,45130.299032258124,45996.67580645178,31786.80161290325,12516.18387096774,2935.329032258064,15464.930322580603,33952.62838709681,37930.09483870965,35900.966129032204,33106.71806451618,23445.428387096785,11110.119677419329,0.29348224407915413
28177,202608,578325.5909677419,31,1928.3851612903231,6474.184516129031,5954.657419354839,4697.833870967741,5296.351290322581,6836.599032258063,12898.917096774196,20507.1729032258,35078.77258064517,28692.07774193552,27667.70870967742,29414.183870967758,32645.150967741956,32993.878709677425,32182.68935483871,34486.186129032256,37197.098387096776,42348.42161290321,47448.18225806452,40820.684193548375,33462.90838709677,28749.96903225807,23108.592903225825,7434.984838709678,60683.44838709688,0.1049295575621202,10929.229032258054,0.0188980553566194,250076.21903225803,0.4324142367862239,8042.01967741935,0.013905695689451,0.0,0.0,0.0,0.0,248594.6748387096,0.4298524546055852,3562.2358064516143,22114.67000000004,36938.12774193544,47851.87419354838,48615.47935483875,53872.81387096777,49848.48999999999,28224.785483871037,4074.393225806446,20453.58290322581,33409.241612903126,43332.95032258072,44373.78064516134,54422.26870967738,53881.035483870975,33349.86161290322,0.19527453125121141
28185,202608,721539.6751612906,31,1786.136774193549,6074.388709677415,5105.576774193549,4104.521935483871,4455.696774193547,7168.5632258064525,16811.230967741936,29945.39387096776,47079.99516129032,36128.95774193548,33993.76806451613,39192.15354838713,44524.65258064519,44401.66870967743,42116.93903225807,44213.6512903226,46497.546451612914,52984.72806451611,57436.70709677421,48924.45580645162,40181.55741935485,33475.01225806451,26744.5358064516,8191.8370967741885,83077.85129032253,0.1151396855228392,17104.62709677418,0.0237057332889569,269190.98612903216,0.3730785643476335,9457.330967741937,0.0131071530690642,0.0,0.0,0.0,0.0,342708.87967742,0.4749688637715063,4622.005806451616,39620.824838709785,45587.08806451637,61656.44838709674,68307.02193548395,67403.6267741933,52960.27870967742,21069.613548387028,6169.741935483873,38515.48451612879,44180.37096774189,59251.57548387085,68986.34322580631,67555.74612903225,53067.999032258136,22585.505806451536,0.23583650458250266
28200,202608,721507.9177419354,31,2044.0151612903228,6764.076774193552,6329.400967741935,4895.74064516129,5638.347096774193,8584.488387096779,20129.44258064516,35950.13967741935,51075.62580645159,37231.34322580652,35574.03967741936,38088.528387096754,42743.22806451613,43026.82709677418,40605.71419354838,41898.67903225806,44204.10612903225,50299.18645161291,54912.861935483845,47185.79645161288,38398.15806451616,31981.12870967741,25757.70838709676,8189.334838709677,95719.58548387102,0.132666022271023,10704.163870967754,0.0148358231528047,278722.43870967755,0.3863054470448227,0.0,0.0,0.0,0.0,3621.999354838705,0.0050200410359657,332739.7303225806,0.4611726664953841,3774.044838709678,27254.99225806454,40151.2983870968,56465.1893548386,61321.55225806451,74330.98741935486,70107.18677419367,34336.00903225819,4338.661612903226,27483.949677419358,39469.6022580644,46848.84129032264,56290.568709677405,73974.75387096766,68658.80032258078,36701.47967741925,0.25563259276259465
28237,202608,679748.0803225805,31,2067.734193548387,7081.30387096774,6428.814838709681,5051.137741935484,5690.347096774191,8044.694516129031,15892.814193548393,26625.887096774182,42412.01709677415,33847.29774193552,32142.615806451613,34000.36225806453,37525.02451612901,38578.88870967741,37679.66064516128,40150.19580645161,42782.882258064514,48303.20580645158,55033.22193548383,49895.26903225805,39967.497096774205,33971.54870967743,27610.18903225805,8965.470322580648,76445.70870967742,0.1124618236117701,9768.52225806451,0.0143707978600377,292912.8448387094,0.4309138242798788,0.0,0.0,0.0,0.0,1599.9258064516102,0.0023537040453168,299021.0787096776,0.4398998502029965,3896.041935483872,24535.18580645152,39113.61580645186,58129.916451613,53534.557419354736,61739.84129032267,62389.89774193555,31780.584516128947,4195.097096774191,25027.046774193645,39492.55709677403,51896.80096774195,50650.499999999935,68083.11483870975,69062.17354838697,36221.14903225805,0.2069688327920714
28245,202608,382212.5941935484,31,1150.2358064516134,3850.6403225806457,3438.282903225804,2794.7648387096774,3191.1687096774203,4741.945806451616,9336.399999999998,14926.749354838696,23567.43645161292,18563.28580645163,18063.03451612903,19850.602258064515,21632.81258064516,21746.232580645163,20740.66903225807,22640.41612903225,24303.136129032257,28042.39129032261,31317.23580645161,27555.723870967744,22109.8258064516,18636.8870967742,15080.058064516124,4932.659032258065,40169.11000000005,0.1050962490777026,5465.686774193553,0.0143001221237251,165504.14903225785,0.4330159485755938,0.0,0.0,0.0,0.0,0.0,0.0,171073.64838709665,0.4475876802229776,1669.5816129032255,12740.87677419362,20476.739032258065,29173.13774193549,28955.24580645164,38939.04161290323,43690.32290322583,17769.068064516163,1998.9848387096772,13162.162903225768,18527.5770967742,24930.057419354827,26159.881935483856,41738.4561290322,44085.13903225813,18196.321290322558,0.1953054577391605
28275,202608,643230.5232258064,31,1892.648709677419,6545.926774193546,6013.403548387098,4836.366774193548,5602.330322580645,8275.04548387097,19126.43225806451,33615.68387096774,43337.40548387098,31914.713225806496,29758.37,32361.21612903224,35860.8480645161,36029.45483870967,34963.08741935484,37285.79064516128,40218.02903225805,45412.09903225806,49655.4180645161,43412.6906451613,35564.364193548405,29513.494838709685,24255.542258064517,7780.161612903224,82998.15516129037,0.1290332970286514,10508.976129032271,0.0163378069752188,251675.1987096775,0.3912674999431375,0.0,0.0,0.0,0.0,0.0,0.0,298048.19322580664,0.4633613960529927,4863.096774193549,30088.69354838702,35262.521612903096,57706.38709677424,62982.98354838709,68622.55903225797,58834.20548387095,22381.75258064513,5408.016451612903,27963.80483870973,31447.240645161204,47793.33258064526,54599.07064516116,61944.09483870968,51216.94129032261,22115.82225806455,0.24799750025300796
28290,202608,385603.079032258,31,1158.1474193548388,3914.71129032258,3572.9187096774203,2707.559354838709,3099.749032258064,4829.57258064516,10541.388387096771,16413.701935483856,24090.3593548387,17603.970000000005,16615.036774193548,17558.778387096776,20486.277096774207,21043.537096774195,20897.505161290333,23143.16322580646,24967.285483870968,28223.20516129033,31145.88612903225,28730.87419354838,23417.90548387098,19854.60258064517,16361.92677419355,5225.017419354838,41242.62612903222,0.1069561639200034,7632.036451612914,0.0197924676088347,171034.40870967726,0.4435504227272241,0.0,0.0,0.0,0.0,0.0,0.0,165694.0077419356,0.4297009457439376,4076.198064516127,20709.01806451601,19371.188064516224,34886.32548387097,40700.47612903228,38407.74967741926,29535.88225806452,11786.720322580668,4802.967096774189,20270.72161290321,18024.21580645158,33277.426129032305,36785.41516129031,35420.6070967742,25026.63193548392,12521.536129032258,0.19428680149206362
28710,202608,152492.18387096777,31,298.9332258064516,851.5483870967741,898.2377419354841,668.0806451612905,890.2738709677418,1750.185483870968,3688.324516129034,5988.067096774192,8674.642580645166,8206.8235483871,9800.792903225807,12409.664516129034,13811.31032258064,13176.981612903226,11765.950645161294,10663.898709677418,9619.266129032256,9835.420967741937,9300.041935483869,6898.014193548391,5327.564193548386,3928.224838709677,2855.955161290324,1183.98064516129,12000.259999999997,0.0786942628492624,1119.913548387098,0.0073440718072128,40099.31838709676,0.2629598276396057,0.0,0.0,0.0,0.0,0.0,0.0,99272.69193548374,0.6510018377039177,737.5512903225803,4599.313870967751,6839.209032258061,8524.244193548378,10750.953548387106,16576.710000000046,21256.57096774191,11997.94580645161,799.5519354838704,4214.194193548381,5282.486451612903,7602.395483870984,9880.103225806475,14851.698064516158,18091.09096774194,10488.164838709696,0.23033314993144055
28720,202608,48567.09258064516,31,120.99193548387092,306.989677419355,328.46225806451594,381.708064516129,525.9177419354838,818.9625806451616,1467.3587096774197,2447.37483870968,2724.9751612903237,3025.575483870969,3345.085161290322,3922.955161290321,4176.749677419355,4133.875483870967,3855.8183870967737,3594.241935483873,2937.0567741935483,2673.4745161290334,2345.287419354837,1874.8051612903228,1348.0638709677426,1031.1967741935484,793.5177419354841,386.648064516129,2979.5096774193566,0.0613483228890407,156.8632258064515,0.0032298253296917,8537.936774193548,0.1757967446788458,0.0,0.0,0.0,0.0,0.0,0.0,36892.782903225845,0.7596251071024224,192.16129032258064,1254.2051612903274,3943.5612903225738,3744.216129032261,4165.282580645174,6361.312903225795,7477.56806451612,3252.4670967741904,207.063870967742,897.4961290322594,1585.9648387096838,1861.471612903236,2323.6164516129124,4080.809032258071,4956.851935483867,2263.0441935483886,0.25869533580528226
